trump,clinton,other,undecided,start_date,end_date,observations,state
48,31,7,3,11/1/16,11/7/16,409,AK
53,41,NA,7,10/30/16,11/6/16,308,AK
47,31,6,3,10/30/16,11/6/16,382,AK
46,33,6,3,10/29/16,11/4/16,369,AK
46,35,5,3,10/28/16,11/3/16,334,AK
47,35,3,2,10/27/16,11/2/16,303,AK
46,37,1,3,10/26/16,11/1/16,268,AK
46,38,2,2,10/25/16,10/31/16,300,AK
47,39,2,1,10/24/16,10/30/16,294,AK
55,41,NA,4,10/23/16,10/29/16,304,AK
45,33,4,2,10/20/16,10/28/16,448,AK
43,47,3,NA,10/21/16,10/26/16,400,AK
46,31,5,2,10/18/16,10/26/16,462,AK
46,31,5,2,10/18/16,10/24/16,443,AK
47,29,5,2,10/17/16,10/23/16,388,AK
55,41,NA,5,10/16/16,10/23/16,305,AK
54,41,5,NA,10/9/16,10/16/16,304,AK
53,41,5,NA,10/2/16,10/9/16,305,AK
37,34,2,18,10/5/16,10/6/16,500,AK
46,42,NA,12,9/28/16,10/2/16,660,AK
36,31,6,9,9/28/16,10/2/16,660,AK
55,40,5,NA,9/19/16,10/2/16,457,AK
55,40,5,NA,9/12/16,9/25/16,460,AK
39,31,4,16,9/13/16,9/15/16,500,AK
47,39,NA,14,8/9/16,9/1/16,989,AK
38,31,7,6,8/9/16,9/1/16,989,AK
39,29,4,17,8/27/16,8/29/16,500,AK
55,36,8,2,11/1/16,11/7/16,1131,AL
58,37,NA,5,10/30/16,11/6/16,341,AL
54,36,8,3,10/30/16,11/6/16,971,AL
54,38,NA,8,10/17/16,11/6/16,585,AL
54,36,7,3,10/29/16,11/4/16,900,AL
52,36,8,3,10/28/16,11/3/16,722,AL
55,38,NA,7,10/14/16,11/3/16,578,AL
53,35,8,4,10/27/16,11/2/16,621,AL
52,37,6,4,10/26/16,11/1/16,503,AL
55,35,8,3,10/25/16,10/31/16,485,AL
54,36,9,1,10/24/16,10/30/16,410,AL
58,37,NA,5,10/23/16,10/29/16,349,AL
53,36,10,1,10/20/16,10/28/16,479,AL
51,39,NA,10,10/7/16,10/27/16,505,AL
52,36,11,1,10/18/16,10/26/16,486,AL
52,36,11,2,10/18/16,10/24/16,415,AL
51,37,11,2,10/17/16,10/23/16,346,AL
58,37,NA,5,10/16/16,10/23/16,341,AL
52,38,NA,10,9/30/16,10/20/16,773,AL
57,38,5,NA,10/9/16,10/16/16,327,AL
54,38,NA,8,9/23/16,10/13/16,550,AL
56,38,6,NA,10/2/16,10/9/16,332,AL
57,37,NA,6,9/16/16,10/6/16,580,AL
59,36,5,NA,9/19/16,10/2/16,545,AL
56,37,NA,7,9/9/16,9/29/16,518,AL
58,36,5,NA,9/12/16,9/25/16,558,AL
53,39,NA,8,9/2/16,9/22/16,648,AL
53,40,NA,7,8/26/16,9/15/16,628,AL
57,36,NA,7,8/9/16,9/1/16,958,AL
53,31,10,5,8/9/16,9/1/16,958,AL
56,32,9,2,11/1/16,11/7/16,930,AR
57,37,6,NA,10/30/16,11/6/16,323,AR
55,34,9,2,10/30/16,11/6/16,798,AR
53,38,NA,9,10/17/16,11/6/16,515,AR
55,34,9,2,10/29/16,11/4/16,781,AR
55,34,9,2,10/28/16,11/3/16,696,AR
50,39,NA,11,10/14/16,11/3/16,493,AR
53,36,8,2,10/27/16,11/2/16,593,AR
52,38,8,2,10/26/16,11/1/16,475,AR
52,39,7,2,10/25/16,10/31/16,484,AR
53,37,7,2,10/24/16,10/30/16,446,AR
58,37,5,NA,10/23/16,10/29/16,324,AR
52,36,9,2,10/20/16,10/28/16,524,AR
53,34,NA,13,10/7/16,10/27/16,681,AR
53,34,11,2,10/18/16,10/26/16,570,AR
51,31,NA,18,10/18/16,10/25/16,585,AR
54,33,12,2,10/18/16,10/24/16,498,AR
54,32,11,2,10/17/16,10/23/16,410,AR
58,37,6,NA,10/16/16,10/23/16,314,AR
53,34,NA,13,9/30/16,10/20/16,464,AR
58,37,6,NA,10/9/16,10/16/16,323,AR
52,36,NA,12,9/23/16,10/13/16,495,AR
56,37,7,NA,10/2/16,10/9/16,319,AR
53,38,NA,9,9/16/16,10/6/16,475,AR
59,36,6,NA,9/19/16,10/2/16,483,AR
50,41,NA,9,9/9/16,9/29/16,462,AR
58,36,7,NA,9/12/16,9/25/16,483,AR
49,41,NA,10,9/2/16,9/22/16,433,AR
51,41,NA,8,8/26/16,9/15/16,437,AR
54,41,NA,5,8/9/16,9/1/16,765,AR
46,37,14,4,8/9/16,9/1/16,765,AR
47,36,8,9,6/21/16,6/21/16,751,AR
42,45,3,3,11/1/16,11/7/16,2609,AZ
43,41,3,8,11/4/16,11/6/16,392,AZ
47,44,4,1,11/4/16,11/6/16,550,AZ
50,43,7,NA,10/30/16,11/6/16,354,AZ
43,45,3,2,10/30/16,11/6/16,2322,AZ
47,42,NA,11,10/17/16,11/6/16,857,AZ
43,44,3,2,10/29/16,11/4/16,2154,AZ
43,44,3,2,10/28/16,11/3/16,1748,AZ
48,42,NA,10,10/14/16,11/3/16,504,AZ
47,39,4,7,11/1/16,11/2/16,550,AZ
43,43,3,3,10/27/16,11/2/16,1461,AZ
46,41,12,2,10/30/16,11/1/16,719,AZ
45,40,5,1,10/30/16,11/1/16,719,AZ
42,41,3,6,10/28/16,11/1/16,1113,AZ
49,44,1,0,10/27/16,11/1/16,769,AZ
51,46,2,0,10/27/16,11/1/16,769,AZ
43,42,3,4,10/26/16,11/1/16,1320,AZ
44,45,4,NA,10/29/16,10/31/16,2229,AZ
44,43,2,3,10/25/16,10/31/16,1457,AZ
45,41,3,8,10/29/16,10/30/16,550,AZ
43,43,3,3,10/24/16,10/30/16,1342,AZ
51,43,5,NA,10/23/16,10/29/16,373,AZ
44,42,9,5,10/26/16,10/28/16,994,AZ
43,42,3,3,10/20/16,10/28/16,1747,AZ
42,40,4,10,10/26/16,10/27/16,550,AZ
42,43,NA,15,10/7/16,10/27/16,954,AZ
43,42,4,2,10/18/16,10/26/16,1752,AZ
46,48,1,NA,10/22/16,10/24/16,2385,AZ
46,45,3,3,10/21/16,10/24/16,401,AZ
42,41,4,2,10/18/16,10/24/16,1550,AZ
41,40,4,2,10/17/16,10/23/16,1291,AZ
51,44,5,NA,10/16/16,10/23/16,363,AZ
45,43,NA,12,9/30/16,10/20/16,675,AZ
41,41,3,10,10/17/16,10/18/16,550,AZ
45,38,8,9,10/6/16,10/18/16,1538,AZ
44,39,4,6,10/6/16,10/18/16,1538,AZ
51,44,6,NA,10/9/16,10/16/16,355,AZ
47,46,NA,7,10/8/16,10/16/16,1028,AZ
44,41,3,2,10/8/16,10/16/16,1028,AZ
38,43,4,8,10/10/16,10/15/16,713,AZ
37,39,8,10,10/14/16,10/14/16,400,AZ
45,39,NA,16,9/23/16,10/13/16,1665,AZ
42,43,NA,10,10/11/16,10/12/16,550,AZ
50,44,6,NA,10/2/16,10/9/16,358,AZ
49,42,NA,9,9/16/16,10/6/16,903,AZ
52,42,6,NA,9/19/16,10/2/16,556,AZ
42,42,1,9,9/28/16,9/30/16,718,AZ
46,44,NA,10,9/9/16,9/29/16,802,AZ
52,42,7,NA,9/12/16,9/25/16,554,AZ
40,38,NA,14,9/20/16,9/22/16,550,AZ
48,42,NA,10,9/2/16,9/22/16,665,AZ
46,39,NA,15,8/26/16,9/15/16,711,AZ
37,33,3,19,9/12/16,9/14/16,484,AZ
42,41,12,4,9/6/16,9/8/16,649,AZ
40,38,4,6,9/6/16,9/8/16,649,AZ
45,46,NA,9,8/9/16,9/1/16,2026,AZ
39,37,4,6,8/9/16,9/1/16,2026,AZ
34,35,2,23,8/17/16,8/31/16,704,AZ
46,43,NA,11,8/26/16,8/28/16,837,AZ
39,40,1,13,8/25/16,8/27/16,728,AZ
49,44,7,0,8/18/16,8/23/16,809,AZ
45,38,6,0,8/18/16,8/23/16,809,AZ
44,42,9,5,8/2/16,8/5/16,1095,AZ
44,40,NA,16,6/22/16,6/23/16,691,AZ
42,47,6,6,6/20/16,6/20/16,1060,AZ
48,43,6,3,6/11/16,6/20/16,300,AZ
45,39,3,4,6/11/16,6/20/16,300,AZ
40,38,2,13,5/13/16,5/15/16,896,AZ
45,41,NA,14,5/13/16,5/15/16,896,AZ
35,42,NA,23,4/4/16,4/11/16,564,AZ
38,38,9,15,3/7/16,3/11/16,701,AZ
44,42,NA,13,12/4/15,12/9/15,504,AZ
31,56,11,2,11/1/16,11/7/16,2712,CA
32,54,7,7,11/4/16,11/6/16,401,CA
37,58,5,NA,10/30/16,11/6/16,507,CA
30,56,11,3,10/30/16,11/6/16,2655,CA
32,59,NA,9,10/17/16,11/6/16,1393,CA
30,56,11,3,10/29/16,11/4/16,2691,CA
29,56,12,3,10/28/16,11/3/16,2528,CA
30,60,NA,10,10/14/16,11/3/16,1524,CA
29,56,12,3,10/27/16,11/2/16,2316,CA
30,55,12,3,10/26/16,11/1/16,2284,CA
35,56,5,4,10/28/16,10/31/16,747,CA
33,53,7,7,10/25/16,10/31/16,1498,CA
30,55,12,3,10/25/16,10/31/16,2505,CA
30,55,12,2,10/24/16,10/30/16,2264,CA
30,54,8,7,10/22/16,10/30/16,1365,CA
33,58,4,6,10/22/16,10/30/16,1365,CA
38,58,4,NA,10/23/16,10/29/16,481,CA
31,54,12,2,10/20/16,10/28/16,2431,CA
26,65,NA,9,10/7/16,10/27/16,1779,CA
31,54,12,2,10/18/16,10/26/16,2358,CA
31,54,13,2,10/18/16,10/24/16,1923,CA
31,53,13,2,10/17/16,10/23/16,1492,CA
38,58,4,NA,10/16/16,10/23/16,507,CA
28,54,12,5,10/14/16,10/23/16,1012,CA
26,64,NA,10,9/30/16,10/20/16,1013,CA
37,58,4,NA,10/9/16,10/16/16,483,CA
30,56,6,7,10/13/16,10/15/16,725,CA
25,61,7,8,10/7/16,10/13/16,622,CA
22,66,NA,12,9/23/16,10/13/16,1196,CA
37,58,5,NA,10/2/16,10/9/16,474,CA
28,61,NA,11,9/16/16,10/6/16,1885,CA
39,57,4,NA,9/19/16,10/2/16,992,CA
24,64,NA,12,9/9/16,9/29/16,1610,CA
33,59,5,3,9/27/16,9/28/16,732,CA
38,57,5,NA,9/12/16,9/25/16,951,CA
28,60,NA,12,9/2/16,9/22/16,1468,CA
31,47,17,6,9/9/16,9/18/16,1045,CA
24,63,NA,13,8/26/16,9/15/16,1189,CA
30,57,4,9,9/12/16,9/14/16,515,CA
33,50,11,6,9/7/16,9/13/16,1426,CA
32,57,4,7,9/8/16,9/11/16,678,CA
33,58,NA,9,9/1/16,9/8/16,4212,CA
29,49,17,5,9/1/16,9/8/16,4212,CA
33,57,NA,9,8/9/16,9/1/16,2574,CA
28,49,19,5,8/9/16,9/1/16,2574,CA
30,46,15,9,7/10/16,7/19/16,1056,CA
28,58,NA,14,6/8/16,7/2/16,956,CA
26,50,10,14,6/8/16,7/2/16,956,CA
28,54,12,6,6/9/16,6/10/16,1264,CA
31,61,NA,8,6/9/16,6/10/16,1264,CA
33,48,12,7,5/31/16,6/3/16,1187,CA
31,55,8,6,5/29/16,5/31/16,1833,CA
34,53,NA,13,5/26/16,5/31/16,1002,CA
33,54,4,10,5/19/16,5/31/16,1150,CA
38,52,NA,10,5/19/16,5/22/16,1383,CA
39,49,7,4,5/13/16,5/22/16,996,CA
33,45,12,10,5/4/16,5/16/16,1196,CA
34,56,NA,10,4/27/16,4/30/16,1683,CA
31,59,NA,10,3/24/16,4/4/16,1400,CA
26,60,NA,14,3/30/16,4/3/16,1507,CA
30,57,5,8,3/16/16,3/23/16,1202,CA
40,43,4,2,11/1/16,11/7/16,2777,CO
44,50,6,NA,10/30/16,11/6/16,343,CO
39,43,4,2,10/30/16,11/6/16,2412,CO
42,48,NA,10,10/17/16,11/6/16,696,CO
43,48,3,3,11/3/16,11/4/16,704,CO
45,50,NA,5,11/3/16,11/4/16,704,CO
40,43,4,2,10/29/16,11/4/16,2302,CO
38,43,7,6,11/2/16,11/3/16,605,CO
40,44,3,2,10/28/16,11/3/16,1927,CO
42,48,NA,10,10/14/16,11/3/16,713,CO
41,42,5,6,11/1/16,11/2/16,1863,CO
40,40,10,3,11/1/16,11/2/16,1125,CO
38,44,4,7,11/1/16,11/2/16,500,CO
40,44,4,2,10/27/16,11/2/16,1631,CO
37,44,3,8,10/28/16,11/1/16,972,CO
40,43,4,2,10/26/16,11/1/16,1402,CO
41,42,10,7,10/29/16,10/31/16,550,CO
39,39,9,9,10/29/16,10/31/16,550,CO
39,43,4,2,10/25/16,10/31/16,1532,CO
44,45,3,4,10/30/16,10/30/16,952,CO
39,44,4,2,10/24/16,10/30/16,1417,CO
46,50,5,NA,10/23/16,10/29/16,342,CO
39,42,6,5,10/26/16,10/28/16,997,CO
38,45,4,2,10/20/16,10/28/16,1731,CO
43,46,NA,11,10/7/16,10/27/16,598,CO
38,45,4,2,10/18/16,10/26/16,1800,CO
38,44,3,3,10/18/16,10/24/16,1595,CO
34,44,13,NA,10/17/16,10/24/16,1004,CO
38,44,3,3,10/17/16,10/23/16,1318,CO
45,50,5,NA,10/16/16,10/23/16,344,CO
43,45,2,4,10/20/16,10/22/16,1581,CO
41,45,NA,14,9/30/16,10/20/16,575,CO
37,45,4,5,10/10/16,10/16/16,685,CO
40,51,2,8,10/10/16,10/16/16,685,CO
45,50,5,NA,10/9/16,10/16/16,336,CO
41,50,NA,8,10/8/16,10/16/16,956,CO
37,44,4,3,10/8/16,10/16/16,956,CO
35,40,7,6,10/12/16,10/13/16,500,CO
39,44,2,9,10/12/16,10/13/16,1226,CO
41,47,NA,12,9/23/16,10/13/16,695,CO
44,50,6,NA,10/2/16,10/9/16,338,CO
45,45,NA,10,9/16/16,10/6/16,710,CO
40,40,3,6,10/3/16,10/4/16,1246,CO
38,49,4,3,9/29/16,10/2/16,400,CO
47,48,5,NA,9/19/16,10/2/16,553,CO
33,44,7,6,9/27/16,9/29/16,602,CO
45,43,NA,12,9/9/16,9/29/16,622,CO
40,46,2,6,9/27/16,9/28/16,694,CO
44,51,NA,5,9/27/16,9/28/16,694,CO
42,41,3,0,9/20/16,9/25/16,784,CO
47,49,3,0,9/20/16,9/25/16,784,CO
45,49,6,NA,9/12/16,9/25/16,538,CO
39,40,11,10,9/21/16,9/23/16,991,CO
44,42,NA,14,9/2/16,9/22/16,534,CO
42,44,2,2,9/13/16,9/21/16,644,CO
47,47,2,4,9/13/16,9/21/16,644,CO
35,44,14,7,9/14/16,9/18/16,350,CO
34,41,3,10,9/14/16,9/18/16,350,CO
43,40,NA,17,8/26/16,9/15/16,563,CO
44,46,NA,10,8/9/16,9/1/16,2428,CO
37,37,6,4,8/9/16,9/1/16,2428,CO
36,41,4,6,8/29/16,8/31/16,500,CO
39,49,4,9,8/9/16,8/16/16,830,CO
33,41,7,3,8/9/16,8/16/16,830,CO
32,46,15,6,8/4/16,8/10/16,899,CO
29,41,7,8,8/4/16,8/10/16,899,CO
34,44,11,11,7/9/16,7/12/16,600,CO
28,37,10,13,7/9/16,7/12/16,600,CO
35,48,6,7,7/9/16,7/12/16,404,CO
35,43,21,NA,7/5/16,7/11/16,794,CO
33,39,7,9,7/5/16,7/11/16,794,CO
38,45,14,4,7/7/16,7/9/16,500,CO
41,43,16,NA,7/7/16,7/8/16,1313,CO
38,39,14,NA,7/7/16,7/8/16,1313,CO
39,40,9,10,6/21/16,6/24/16,996,CO
48,37,4,11,11/11/15,11/15/15,1262,CO
36,52,9,3,11/1/16,11/7/16,1387,CT
40,55,5,NA,10/30/16,11/6/16,327,CT
37,51,10,2,10/30/16,11/6/16,1173,CT
40,50,NA,10,10/17/16,11/6/16,515,CT
37,51,10,2,10/29/16,11/4/16,1114,CT
38,52,9,2,10/28/16,11/3/16,925,CT
41,49,NA,10,10/14/16,11/3/16,516,CT
38,52,9,2,10/27/16,11/2/16,753,CT
38,51,9,2,10/26/16,11/1/16,616,CT
39,51,9,2,10/25/16,10/31/16,554,CT
39,51,7,2,10/24/16,10/30/16,488,CT
43,54,3,NA,10/23/16,10/29/16,326,CT
38,51,9,2,10/20/16,10/28/16,568,CT
36,51,NA,13,10/7/16,10/27/16,640,CT
36,51,11,2,10/18/16,10/26/16,614,CT
36,50,11,2,10/18/16,10/24/16,515,CT
36,51,12,2,10/17/16,10/23/16,428,CT
42,55,3,NA,10/16/16,10/23/16,329,CT
35,53,NA,12,9/30/16,10/20/16,647,CT
42,55,4,NA,10/9/16,10/16/16,326,CT
36,53,NA,11,9/23/16,10/13/16,741,CT
42,54,4,NA,10/2/16,10/9/16,331,CT
35,53,NA,12,9/16/16,10/6/16,506,CT
43,54,4,NA,9/19/16,10/2/16,520,CT
34,52,NA,14,9/9/16,9/29/16,666,CT
42,54,4,NA,9/12/16,9/25/16,512,CT
37,47,NA,16,9/2/16,9/22/16,662,CT
37,47,NA,16,8/26/16,9/15/16,674,CT
39,51,NA,10,8/9/16,9/1/16,1053,CT
33,44,17,6,8/9/16,9/1/16,1053,CT
38,45,3,14,6/1/16,6/5/16,1030,CT
40,48,NA,12,4/10/16,4/11/16,1043,CT
40,47,2,11,10/7/15,10/11/15,1735,CT
39,50,8,3,11/1/16,11/7/16,367,DE
42,54,4,NA,10/30/16,11/6/16,307,DE
39,49,9,3,10/30/16,11/6/16,383,DE
36,51,10,3,10/29/16,11/4/16,398,DE
36,50,10,3,10/28/16,11/3/16,405,DE
36,50,10,4,10/27/16,11/2/16,397,DE
38,50,8,5,10/26/16,11/1/16,413,DE
38,50,9,4,10/25/16,10/31/16,458,DE
38,51,8,3,10/24/16,10/30/16,429,DE
42,55,3,NA,10/23/16,10/29/16,308,DE
36,52,9,3,10/20/16,10/28/16,548,DE
34,53,11,2,10/18/16,10/26/16,581,DE
34,52,12,2,10/18/16,10/24/16,528,DE
34,53,12,2,10/17/16,10/23/16,444,DE
42,56,3,NA,10/16/16,10/23/16,305,DE
42,56,3,NA,10/9/16,10/16/16,315,DE
41,55,3,NA,10/2/16,10/9/16,312,DE
43,54,3,NA,9/19/16,10/2/16,475,DE
30,51,9,9,9/16/16,9/28/16,762,DE
42,54,3,NA,9/12/16,9/25/16,479,DE
36,50,NA,14,8/9/16,9/1/16,637,DE
33,43,16,8,8/9/16,9/1/16,637,DE
32,42,14,12,7/20/16,7/24/16,715,DE
45,47,2,2,11/1/16,11/7/16,4092,FL
46,48,1,1,11/5/16,11/6/16,853,FL
45,46,2,5,11/3/16,11/6/16,884,FL
46,46,3,5,11/3/16,11/6/16,884,FL
47,47,5,NA,10/30/16,11/6/16,438,FL
45,47,2,2,10/30/16,11/6/16,3574,FL
47,48,NA,5,10/17/16,11/6/16,1274,FL
45,45,4,2,11/2/16,11/4/16,1188,FL
45,47,2,2,10/29/16,11/4/16,3600,FL
45,47,2,2,10/28/16,11/3/16,3356,FL
47,48,NA,5,10/14/16,11/3/16,1342,FL
48,45,2,3,11/1/16,11/2/16,2352,FL
45,49,1,2,11/1/16,11/2/16,603,FL
44,47,2,2,10/27/16,11/2/16,2901,FL
45,46,3,4,10/27/16,11/1/16,626,FL
45,47,3,4,10/27/16,11/1/16,626,FL
47,49,2,0,10/27/16,11/1/16,773,FL
49,50,1,0,10/27/16,11/1/16,773,FL
44,47,2,2,10/26/16,11/1/16,2715,FL
49,51,NA,NA,10/31/16,10/31/16,1995,FL
46,49,1,1,10/31/16,10/31/16,1995,FL
45,46,2,2,10/25/16,10/31/16,2809,FL
48,44,2,4,10/30/16,10/30/16,989,FL
40,48,7,0,10/25/16,10/30/16,718,FL
45,46,2,2,10/24/16,10/30/16,2634,FL
47,48,5,NA,10/23/16,10/29/16,408,FL
44,47,2,3,10/20/16,10/28/16,3129,FL
46,42,3,6,10/25/16,10/27/16,814,FL
48,45,0,7,10/25/16,10/27/16,814,FL
45,49,NA,6,10/7/16,10/27/16,1110,FL
46,42,3,6,10/25/16,10/26/16,698,FL
46,46,7,1,10/25/16,10/26/16,779,FL
44,45,5,2,10/25/16,10/26/16,779,FL
37,50,1,7,10/22/16,10/26/16,1028,FL
35,49,6,8,10/22/16,10/26/16,1028,FL
44,47,2,3,10/18/16,10/26/16,3193,FL
44,46,3,6,10/20/16,10/25/16,786,FL
39,43,3,9,10/20/16,10/25/16,819,FL
46,45,4,5,10/21/16,10/24/16,953,FL
45,43,3,6,10/21/16,10/24/16,953,FL
45,48,4,0,10/20/16,10/24/16,1251,FL
44,47,2,3,10/18/16,10/24/16,2765,FL
44,47,2,3,10/17/16,10/23/16,2243,FL
47,49,5,NA,10/16/16,10/23/16,399,FL
46,46,2,5,10/20/16,10/22/16,1646,FL
43,46,4,3,10/20/16,10/21/16,1042,FL
45,49,2,2,10/20/16,10/20/16,538,FL
44,48,NA,8,9/30/16,10/20/16,879,FL
39,45,2,8,10/17/16,10/18/16,892,FL
44,48,2,4,10/10/16,10/16/16,660,FL
45,49,1,5,10/10/16,10/16/16,660,FL
46,49,5,NA,10/9/16,10/16/16,401,FL
47,47,NA,6,10/8/16,10/16/16,1702,FL
45,43,3,3,10/8/16,10/16/16,1702,FL
42,46,1,6,10/12/16,10/13/16,985,FL
44,49,NA,7,10/12/16,10/13/16,985,FL
42,46,1,10,10/11/16,10/13/16,1799,FL
42,48,NA,10,9/23/16,10/13/16,1799,FL
40,42,7,11,10/5/16,10/12/16,1532,FL
38,42,4,10,10/5/16,10/12/16,1532,FL
44,47,1,3,10/10/16,10/11/16,533,FL
43,49,0,7,10/5/16,10/9/16,500,FL
47,48,6,NA,10/2/16,10/9/16,398,FL
44,49,NA,7,9/16/16,10/6/16,1360,FL
44,46,7,3,10/3/16,10/5/16,700,FL
42,45,4,4,10/3/16,10/5/16,700,FL
40,47,4,9,9/27/16,10/4/16,661,FL
38,41,5,10,9/27/16,10/4/16,686,FL
41,46,2,5,9/27/16,10/2/16,545,FL
44,49,1,6,9/27/16,10/2/16,545,FL
47,46,5,NA,9/19/16,10/2/16,785,FL
46,47,2,1,9/28/16,9/29/16,619,FL
42,46,1,4,9/27/16,9/29/16,820,FL
46,48,NA,6,9/9/16,9/29/16,1030,FL
43,45,1,8,9/27/16,9/28/16,826,FL
45,48,NA,7,9/27/16,9/28/16,826,FL
48,46,5,NA,9/12/16,9/25/16,764,FL
45,49,NA,6,9/2/16,9/22/16,1167,FL
45,44,1,8,9/19/16,9/21/16,500,FL
41,43,2,6,9/15/16,9/20/16,617,FL
41,46,2,5,9/16/16,9/19/16,400,FL
44,49,2,NA,9/10/16,9/16/16,475,FL
50,46,NA,4,8/26/16,9/15/16,1065,FL
43,43,3,10,9/10/16,9/14/16,867,FL
40,41,11,8,9/10/16,9/14/16,867,FL
47,44,1,1,9/7/16,9/12/16,788,FL
50,46,3,0,9/7/16,9/12/16,788,FL
42,44,4,6,9/7/16,9/9/16,1193,FL
47,47,2,5,8/29/16,9/7/16,761,FL
43,43,2,3,8/29/16,9/7/16,761,FL
44,43,2,6,9/4/16,9/6/16,744,FL
46,47,NA,7,9/4/16,9/6/16,744,FL
44,46,NA,10,8/9/16,9/1/16,3287,FL
40,42,3,6,8/9/16,9/1/16,3287,FL
37,42,6,8,8/18/16,8/24/16,600,FL
44,43,7,5,8/17/16,8/22/16,608,FL
44,41,2,4,8/17/16,8/22/16,608,FL
38,52,2,NA,8/14/16,8/18/16,1380,FL
39,48,2,5,8/12/16,8/15/16,402,FL
40,45,4,4,8/10/16,8/12/16,1194,FL
44,45,1,3,8/10/16,8/10/16,622,FL
39,44,11,7,8/4/16,8/10/16,862,FL
36,41,6,9,8/4/16,8/10/16,862,FL
45,46,3,5,7/30/16,8/7/16,1056,FL
43,43,3,3,7/30/16,8/7/16,1056,FL
42,48,NA,10,8/1/16,8/3/16,500,FL
39,43,3,12,8/1/16,8/3/16,500,FL
37,44,13,7,7/5/16,7/11/16,871,FL
36,41,6,10,7/5/16,7/11/16,871,FL
42,39,6,13,6/30/16,7/11/16,1015,FL
41,36,6,11,6/30/16,7/11/16,1015,FL
47,42,1,8,7/9/16,7/10/16,700,FL
40,45,2,7,7/6/16,7/10/16,1100,FL
49,45,6,NA,6/27/16,6/28/16,1619,FL
47,45,NA,8,6/26/16,6/28/16,800,FL
42,46,5,5,6/25/16,6/27/16,1678,FL
41,44,8,7,6/21/16,6/24/16,1192,FL
39,52,6,3,6/11/16,6/20/16,300,FL
38,49,2,2,6/11/16,6/20/16,300,FL
39,47,2,12,6/8/16,6/19/16,975,FL
36,42,5,10,6/8/16,6/19/16,975,FL
41,40,2,13,6/2/16,6/5/16,737,FL
45,44,NA,11,6/2/16,6/5/16,737,FL
42,45,NA,7,5/31/16,6/2/16,625,FL
42,43,NA,15,5/16/16,5/19/16,995,FL
42,46,NA,12,5/17/16,5/18/16,2542,FL
42,43,2,13,4/27/16,5/8/16,1051,FL
36,49,NA,15,4/25/16,4/27/16,604,FL
41,49,NA,9,3/4/16,3/10/16,2422,FL
45,44,NA,12,3/4/16,3/6/16,1961,FL
43,50,7,1,3/2/16,3/6/16,854,FL
46,44,NA,10,2/24/16,2/25/16,1012,FL
38,45,3,14.5,1/30/16,2/6/16,608,FL
47,44,NA,9,1/15/16,1/18/16,1008,FL
41,49,NA,NA,11/29/15,12/3/15,404,FL
49,41,NA,10,11/15/15,11/16/15,829,FL
47,43,NA,9,10/28/15,11/1/15,2400,FL
41,46,3,10,9/25/15,10/5/15,1173,FL
46,45,NA,10,9/17/15,9/20/15,801,FL
41,42,NA,NA,9/16/15,9/20/15,605,FL
48,42,NA,9,9/11/15,9/13/15,814,FL
43,41,3,13,8/7/15,8/18/15,1093,FL
45,45,NA,3,11/1/16,11/7/16,2419,GA
49,46,NA,2,11/6/16,11/6/16,1200,GA
50,44,6,NA,10/30/16,11/6/16,366,GA
45,45,NA,4,10/30/16,11/6/16,2348,GA
48,42,NA,10,10/17/16,11/6/16,691,GA
49,43,1,3,11/3/16,11/5/16,995,GA
45,45,NA,4,10/29/16,11/4/16,2568,GA
48,46,NA,2,11/2/16,11/3/16,1000,GA
49,45,NA,1,11/2/16,11/3/16,538,GA
46,44,NA,4,10/28/16,11/3/16,2872,GA
48,42,NA,10,10/14/16,11/3/16,706,GA
45,45,NA,4,10/27/16,11/2/16,2722,GA
47,46,6,1,10/30/16,11/1/16,707,GA
45,44,2,1,10/30/16,11/1/16,707,GA
45,44,NA,4,10/26/16,11/1/16,2678,GA
46,44,NA,3,10/25/16,10/31/16,2665,GA
46,44,NA,3,10/24/16,10/30/16,2517,GA
50,45,6,NA,10/23/16,10/29/16,365,GA
45,44,NA,3,10/20/16,10/28/16,2433,GA
49,42,NA,6,10/25/16,10/27/16,594,GA
48,43,NA,9,10/7/16,10/27/16,861,GA
44,43,0,5,10/20/16,10/26/16,707,GA
46,46,1,7,10/20/16,10/26/16,707,GA
46,44,NA,2,10/18/16,10/26/16,2567,GA
47,44,NA,2,10/18/16,10/24/16,2235,GA
46,44,NA,2,10/17/16,10/23/16,1906,GA
48,46,6,NA,10/16/16,10/23/16,367,GA
50,46,NA,1,10/20/16,10/20/16,570,GA
47,43,NA,5,10/20/16,10/20/16,600,GA
44,42,2,4,10/17/16,10/20/16,839,GA
49,41,NA,10,9/30/16,10/20/16,826,GA
40,44,1,8,10/17/16,10/18/16,807,GA
49,45,6,NA,10/9/16,10/16/16,351,GA
45,48,NA,7,10/8/16,10/16/16,886,GA
41,45,2,3,10/8/16,10/16/16,886,GA
50,42,NA,8,9/23/16,10/13/16,1020,GA
48,42,NA,6,10/11/16,10/12/16,1400,GA
49,45,7,NA,10/2/16,10/9/16,360,GA
48,43,NA,9,9/16/16,10/6/16,583,GA
52,43,6,NA,9/19/16,10/2/16,626,GA
51,38,NA,11,9/9/16,9/29/16,508,GA
51,43,7,NA,9/12/16,9/25/16,639,GA
47,43,NA,5,9/21/16,9/22/16,600,GA
46,43,NA,11,9/2/16,9/22/16,947,GA
47,40,0,4,9/13/16,9/21/16,638,GA
50,44,1,5,9/13/16,9/21/16,638,GA
45,42,1,5,9/15/16,9/18/16,401,GA
48,40,NA,12,8/26/16,9/15/16,890,GA
46,42,NA,2,9/14/16,9/14/16,568,GA
46,43,8,2,9/6/16,9/8/16,625,GA
44,42,1,3,9/6/16,9/8/16,625,GA
46,46,NA,8,8/9/16,9/1/16,2034,GA
40,39,4,5,8/9/16,9/1/16,2034,GA
43,43,NA,3,8/17/16,8/17/16,730,GA
45,41,4,5,8/10/16,8/12/16,988,GA
45,44,11,NA,8/4/16,8/8/16,1604,GA
43,39,10,NA,8/4/16,8/8/16,1604,GA
40,44,10,5,8/1/16,8/4/16,847,GA
38,41,4,5,8/1/16,8/4/16,847,GA
46,46,1,3,8/1/16,8/1/16,787,GA
46,42,2,5,7/29/16,7/31/16,628,GA
45,44,2,2,7/24/16,7/24/16,500,GA
45,38,2,9,5/27/16,5/30/16,724,GA
49,40,NA,11,5/27/16,5/30/16,724,GA
44,41,10,5,5/15/16,5/15/16,587,GA
45,41,8,6,5/9/16,5/12/16,822,GA
42,41,NA,16,5/5/16,5/5/16,570,GA
37,50,NA,10,3/31/16,4/3/16,400,GA
50,41,NA,9,2/22/16,2/23/16,1261,GA
46,37,12,5,10/15/15,10/26/15,1554,GA
28,52,16,4,11/1/16,11/7/16,426,HI
31,65,4,NA,10/30/16,11/6/16,308,HI
29,52,15,4,10/30/16,11/6/16,426,HI
28,53,15,3,10/29/16,11/4/16,458,HI
29,52,15,4,10/28/16,11/3/16,435,HI
31,52,15,3,10/27/16,11/2/16,424,HI
30,51,16,3,10/26/16,11/1/16,428,HI
32,51,14,3,10/25/16,10/31/16,467,HI
31,52,14,3,10/24/16,10/30/16,437,HI
33,64,3,NA,10/23/16,10/29/16,310,HI
31,49,15,4,10/20/16,10/28/16,522,HI
33,49,14,4,10/18/16,10/26/16,504,HI
34,49,14,3,10/18/16,10/24/16,459,HI
34,50,13,3,10/17/16,10/23/16,388,HI
32,65,3,NA,10/16/16,10/23/16,306,HI
33,65,3,NA,10/9/16,10/16/16,312,HI
32,64,3,NA,10/2/16,10/9/16,304,HI
34,64,3,NA,9/19/16,10/2/16,461,HI
33,64,4,NA,9/12/16,9/25/16,460,HI
28,58,NA,14,8/9/16,9/1/16,546,HI
25,51,14,9,8/9/16,9/1/16,546,HI
47,38,7,NA,11/1/16,11/7/16,1781,IA
48,47,6,NA,10/30/16,11/6/16,342,IA
47,37,6,NA,10/30/16,11/6/16,1598,IA
44,44,NA,12,10/17/16,11/6/16,595,IA
46,39,3,6,11/1/16,11/4/16,800,IA
47,37,6,NA,10/29/16,11/4/16,1604,IA
43,44,3,7,11/1/16,11/3/16,500,IA
47,37,7,NA,10/28/16,11/3/16,1469,IA
44,45,NA,11,10/14/16,11/3/16,571,IA
44,41,4,6,11/1/16,11/2/16,1076,IA
46,44,NA,10,11/1/16,11/2/16,1076,IA
47,37,6,NA,10/27/16,11/2/16,1226,IA
45,39,6,NA,10/26/16,11/1/16,867,IA
45,40,6,NA,10/25/16,10/31/16,984,IA
44,40,6,NA,10/24/16,10/30/16,905,IA
48,48,4,NA,10/23/16,10/29/16,329,IA
44,41,6,NA,10/20/16,10/28/16,1177,IA
42,44,NA,14,10/7/16,10/27/16,547,IA
44,44,2,6,10/20/16,10/26/16,791,IA
47,46,1,6,10/20/16,10/26/16,791,IA
44,41,5,NA,10/18/16,10/26/16,1337,IA
44,40,7,NA,10/18/16,10/24/16,1229,IA
45,40,7,NA,10/17/16,10/23/16,1038,IA
48,49,4,NA,10/16/16,10/23/16,329,IA
43,46,NA,11,9/30/16,10/20/16,537,IA
48,49,4,NA,10/9/16,10/16/16,328,IA
49,44,NA,7,10/8/16,10/16/16,1135,IA
45,40,2,4,10/8/16,10/16/16,1135,IA
44,45,NA,11,9/23/16,10/13/16,549,IA
37,41,2,9,10/7/16,10/10/16,917,IA
47,49,4,NA,10/2/16,10/9/16,322,IA
43,39,4,7,10/3/16,10/6/16,642,IA
46,44,NA,10,9/16/16,10/6/16,528,IA
49,48,4,NA,9/19/16,10/2/16,491,IA
49,42,NA,9,9/9/16,9/29/16,501,IA
49,47,4,NA,9/12/16,9/25/16,481,IA
42,42,6,10,9/20/16,9/22/16,491,IA
38,38,1,14,9/20/16,9/22/16,491,IA
51,41,NA,8,9/2/16,9/22/16,521,IA
44,37,2,5,9/13/16,9/21/16,612,IA
50,44,1,6,9/13/16,9/21/16,612,IA
49,41,NA,10,8/26/16,9/15/16,510,IA
45,37,4,6,9/12/16,9/14/16,404,IA
40,39,3,8,9/6/16,9/8/16,1054,IA
43,42,NA,15,9/6/16,9/8/16,1054,IA
46,42,NA,12,8/9/16,9/1/16,1875,IA
40,36,3,5,8/9/16,9/1/16,1875,IA
43,45,NA,12,8/30/16,8/31/16,827,IA
40,40,6,7,8/17/16,8/19/16,987,IA
44,47,4,6,8/9/16,8/16/16,846,IA
39,41,4,4,8/9/16,8/16/16,846,IA
41,40,NA,19,8/8/16,8/10/16,500,IA
37,36,3,18,8/8/16,8/10/16,500,IA
37,41,13,9,8/3/16,8/7/16,899,IA
35,35,8,10,8/3/16,8/7/16,899,IA
40,39,12,8,7/13/16,7/15/16,998,IA
44,42,3,6,7/8/16,7/11/16,401,IA
39,42,10,8,7/5/16,7/10/16,822,IA
40,42,18,NA,7/7/16,7/8/16,1318,IA
37,39,16,NA,7/7/16,7/8/16,1318,IA
34,48,4,14,6/24/16,6/28/16,600,IA
30,44,2,17,6/24/16,6/28/16,600,IA
39,41,NA,20,6/22/16,6/23/16,897,IA
41,44,NA,15,6/9/16,6/13/16,630,IA
40,48,NA,12,1/2/16,1/7/16,1470,IA
43,45,NA,13,12/10/15,12/13/15,1426,IA
40,41,NA,19,11/10/15,11/16/15,641,IA
44,44,NA,12,10/30/15,11/1/15,1668,IA
48,41,NA,11,9/23/15,9/30/15,1061,IA
48,43,NA,9,8/26/15,9/2/15,998,IA
40,43,NA,17,8/7/15,8/9/15,1500,IA
47,29,4,2,11/1/16,11/7/16,612,ID
60,33,NA,7,10/30/16,11/6/16,322,ID
47,29,3,2,10/30/16,11/6/16,557,ID
53,30,NA,17,10/17/16,11/6/16,325,ID
47,30,4,2,10/29/16,11/4/16,556,ID
49,30,3,1,10/28/16,11/3/16,498,ID
52,30,NA,18,10/14/16,11/3/16,311,ID
49,30,3,1,10/27/16,11/2/16,442,ID
47,32,2,1,10/26/16,11/1/16,394,ID
49,31,2,1,10/25/16,10/31/16,447,ID
49,31,7,2,10/24/16,10/30/16,407,ID
61,34,NA,6,10/23/16,10/29/16,318,ID
48,29,2,3,10/20/16,10/28/16,467,ID
49,29,3,3,10/18/16,10/26/16,500,ID
48,29,2,8,10/23/16,10/24/16,750,ID
50,29,2,4,10/18/16,10/24/16,438,ID
50,29,2,4,10/17/16,10/23/16,351,ID
59,35,NA,6,10/16/16,10/23/16,320,ID
51,35,NA,14,9/30/16,10/20/16,287,ID
60,34,6,NA,10/9/16,10/16/16,316,ID
54,31,NA,15,9/23/16,10/13/16,323,ID
60,34,7,NA,10/2/16,10/9/16,330,ID
55,31,NA,14,9/16/16,10/6/16,320,ID
62,32,6,NA,9/19/16,10/2/16,487,ID
60,27,NA,13,9/9/16,9/29/16,276,ID
61,33,6,NA,9/12/16,9/25/16,479,ID
55,32,NA,13,9/2/16,9/22/16,273,ID
56,32,NA,12,8/26/16,9/15/16,261,ID
53,34,NA,13,8/9/16,9/1/16,716,ID
44,25,7,6,8/9/16,9/1/16,716,ID
44,23,17,7,7/5/16,7/16/16,601,ID
35,52,10,2,11/1/16,11/7/16,1823,IL
40,54,6,NA,10/30/16,11/6/16,403,IL
35,52,11,2,10/30/16,11/6/16,1505,IL
39,51,NA,10,10/17/16,11/6/16,781,IL
36,53,10,2,10/29/16,11/4/16,1397,IL
37,52,9,2,10/28/16,11/3/16,1120,IL
39,52,NA,9,10/14/16,11/3/16,837,IL
36,53,9,2,10/27/16,11/2/16,997,IL
35,52,12,2,10/26/16,11/1/16,911,IL
35,52,11,1,10/25/16,10/31/16,1003,IL
34,53,12,1,10/24/16,10/30/16,957,IL
41,56,4,NA,10/23/16,10/29/16,387,IL
34,51,12,2,10/20/16,10/28/16,1162,IL
37,48,6,10,10/26/16,10/27/16,600,IL
34,45,8,13,10/26/16,10/27/16,600,IL
35,56,NA,9,10/7/16,10/27/16,591,IL
34,52,12,2,10/18/16,10/26/16,1274,IL
34,52,12,3,10/18/16,10/24/16,1091,IL
34,52,11,3,10/17/16,10/23/16,927,IL
40,56,4,NA,10/16/16,10/23/16,412,IL
28,57,NA,15,9/30/16,10/20/16,530,IL
36,51,8,5,10/16/16,10/18/16,1200,IL
40,56,4,NA,10/9/16,10/16/16,398,IL
27,60,NA,13,9/23/16,10/13/16,612,IL
40,55,5,NA,10/2/16,10/9/16,397,IL
31,57,NA,12,9/16/16,10/6/16,873,IL
28,53,10,10,9/27/16,10/2/16,865,IL
42,54,5,NA,9/19/16,10/2/16,682,IL
33,53,NA,14,9/9/16,9/29/16,641,IL
41,54,5,NA,9/12/16,9/25/16,657,IL
35,49,5,11,9/21/16,9/24/16,1200,IL
31,53,NA,16,9/2/16,9/22/16,644,IL
33,47,9,11,9/13/16,9/16/16,600,IL
30,43,11,16,9/13/16,9/16/16,600,IL
36,51,NA,13,8/26/16,9/15/16,615,IL
38,53,NA,9,8/9/16,9/1/16,2599,IL
31,45,17,6,8/9/16,9/1/16,2599,IL
32,51,NA,17,8/1/16,8/4/16,800,IL
34,51,11,4,7/14/16,7/16/16,1200,IL
32,57,NA,11,3/4/16,3/10/16,1968,IL
33,51,NA,16,7/20/15,7/21/15,931,IL
52,35,NA,3,11/1/16,11/7/16,1700,IN
51,43,6,NA,10/30/16,11/6/16,338,IN
52,35,NA,3,10/30/16,11/6/16,1383,IN
54,38,NA,8,10/17/16,11/6/16,541,IN
53,35,NA,3,10/29/16,11/4/16,1253,IN
52,35,NA,3,10/28/16,11/3/16,923,IN
53,38,NA,9,10/14/16,11/3/16,531,IN
51,36,NA,3,10/27/16,11/2/16,790,IN
49,39,NA,9,10/30/16,11/1/16,399,IN
52,37,NA,2,10/26/16,11/1/16,638,IN
51,37,NA,2,10/25/16,10/31/16,674,IN
50,39,2,5,10/27/16,10/30/16,402,IN
49,37,NA,2,10/24/16,10/30/16,592,IN
54,42,4,NA,10/23/16,10/29/16,332,IN
50,36,NA,2,10/20/16,10/28/16,740,IN
54,39,NA,7,10/7/16,10/27/16,555,IN
50,35,NA,3,10/18/16,10/26/16,784,IN
49,38,NA,8,10/22/16,10/24/16,596,IN
48,35,1,3,10/18/16,10/24/16,688,IN
48,35,1,2,10/17/16,10/23/16,584,IN
53,43,4,NA,10/16/16,10/23/16,340,IN
49,38,NA,13,9/30/16,10/20/16,666,IN
43,37,1,11,10/10/16,10/16/16,544,IN
47,41,1,11,10/10/16,10/16/16,544,IN
53,43,4,NA,10/9/16,10/16/16,330,IN
45,41,1,5,10/11/16,10/13/16,402,IN
47,38,NA,15,9/23/16,10/13/16,822,IN
43,37,3,7,10/7/16,10/10/16,1123,IN
52,43,5,NA,10/2/16,10/9/16,329,IN
50,37,NA,13,9/16/16,10/6/16,844,IN
55,41,4,NA,9/19/16,10/2/16,533,IN
53,36,NA,11,9/9/16,9/29/16,688,IN
54,41,5,NA,9/12/16,9/25/16,532,IN
54,35,NA,11,9/2/16,9/22/16,674,IN
53,33,NA,14,8/26/16,9/15/16,709,IN
52,37,NA,11,8/9/16,9/1/16,2294,IN
46,30,5,6,8/9/16,9/1/16,2294,IN
47,36,1,5,8/13/16,8/16/16,403,IN
48,41,NA,11,4/26/16,4/28/16,2149,IN
47,39,NA,14,4/18/16,4/21/16,500,IN
49,36,13,2,11/1/16,11/7/16,1311,KS
54,39,8,NA,10/30/16,11/6/16,328,KS
48,36,14,2,10/30/16,11/6/16,1139,KS
54,38,NA,8,10/17/16,11/6/16,519,KS
48,36,14,2,10/29/16,11/4/16,1193,KS
58,34,9,NA,11/1/16,11/3/16,313,KS
49,36,14,2,10/28/16,11/3/16,1162,KS
53,38,NA,9,10/14/16,11/3/16,502,KS
48,37,13,2,10/27/16,11/2/16,1123,KS
48,37,13,2,10/26/16,11/1/16,1164,KS
47,36,15,2,10/25/16,10/31/16,1273,KS
49,38,8,6,10/26/16,10/30/16,624,KS
47,36,16,2,10/24/16,10/30/16,1176,KS
56,39,5,NA,10/23/16,10/29/16,328,KS
47,36,14,3,10/20/16,10/28/16,1619,KS
52,38,NA,10,10/7/16,10/27/16,474,KS
48,36,13,3,10/18/16,10/26/16,1842,KS
48,36,13,3,10/18/16,10/24/16,1688,KS
48,37,12,3,10/17/16,10/23/16,1468,KS
56,39,5,NA,10/16/16,10/23/16,323,KS
50,38,NA,12,9/30/16,10/20/16,517,KS
56,40,5,NA,10/9/16,10/16/16,332,KS
47,36,9,7,10/11/16,10/15/16,581,KS
50,38,NA,12,9/23/16,10/13/16,565,KS
47,39,14,NA,9/1/16,10/13/16,892,KS
55,40,6,NA,10/2/16,10/9/16,332,KS
55,35,NA,10,9/16/16,10/6/16,556,KS
58,38,4,NA,9/19/16,10/2/16,535,KS
54,34,NA,12,9/9/16,9/29/16,498,KS
57,38,5,NA,9/12/16,9/25/16,518,KS
51,36,NA,13,9/2/16,9/22/16,472,KS
49,39,NA,12,8/26/16,9/15/16,459,KS
48,36,10,7,9/6/16,9/11/16,595,KS
49,37,NA,14,8/9/16,9/1/16,741,KS
43,30,21,6,8/9/16,9/1/16,741,KS
44,39,8,9,8/3/16,8/7/16,566,KS
44,27,13,16,7/11/16,7/21/16,542,KS
47,36,8,9,7/8/16,7/11/16,559,KS
36,43,NA,21,6/4/16,6/6/16,433,KS
46,36,NA,18,2/19/16,2/26/16,440,KS
54,35,10,2,11/1/16,11/7/16,1315,KY
60,36,5,NA,10/30/16,11/6/16,328,KY
53,35,10,2,10/30/16,11/6/16,1155,KY
58,38,NA,4,10/17/16,11/6/16,651,KY
54,36,9,1,10/29/16,11/4/16,1079,KY
55,35,9,2,10/28/16,11/3/16,843,KY
59,36,NA,5,10/14/16,11/3/16,641,KY
56,35,9,1,10/27/16,11/2/16,635,KY
57,34,9,1,10/26/16,11/1/16,499,KY
58,31,10,1,10/25/16,10/31/16,424,KY
59,31,9,1,10/24/16,10/30/16,318,KY
59,37,4,NA,10/23/16,10/29/16,324,KY
56,32,7,5,10/26/16,10/28/16,811,KY
61,30,8,1,10/20/16,10/28/16,384,KY
56,38,NA,6,10/7/16,10/27/16,838,KY
60,29,10,1,10/18/16,10/26/16,426,KY
60,29,9,1,10/18/16,10/24/16,366,KY
61,29,9,1,10/17/16,10/23/16,297,KY
58,38,4,NA,10/16/16,10/23/16,319,KY
52,41,NA,7,9/30/16,10/20/16,791,KY
58,38,4,NA,10/9/16,10/16/16,324,KY
53,39,NA,8,9/23/16,10/13/16,576,KY
57,38,5,NA,10/2/16,10/9/16,327,KY
57,37,NA,6,9/16/16,10/6/16,627,KY
59,37,4,NA,9/19/16,10/2/16,537,KY
56,38,NA,6,9/9/16,9/29/16,593,KY
59,36,5,NA,9/12/16,9/25/16,523,KY
54,37,NA,9,9/2/16,9/22/16,522,KY
54,35,NA,11,8/26/16,9/15/16,716,KY
57,34,NA,9,8/9/16,9/1/16,732,KY
52,29,12,7,8/9/16,9/1/16,732,KY
42,45,NA,13,6/18/15,6/21/15,1108,KY
52,38,6,4,11/1/16,11/7/16,982,LA
55,40,5,NA,10/30/16,11/6/16,329,LA
52,38,6,4,10/30/16,11/6/16,840,LA
52,36,NA,12,10/17/16,11/6/16,633,LA
52,38,6,4,10/29/16,11/4/16,778,LA
52,37,7,3,10/28/16,11/3/16,646,LA
53,36,NA,11,10/14/16,11/3/16,618,LA
51,37,8,4,10/27/16,11/2/16,546,LA
51,37,8,4,10/26/16,11/1/16,470,LA
51,38,7,4,10/25/16,10/31/16,423,LA
54,36,6,3,10/24/16,10/30/16,320,LA
56,40,4,NA,10/23/16,10/29/16,316,LA
54,37,7,3,10/20/16,10/28/16,418,LA
53,34,NA,13,10/7/16,10/27/16,934,LA
53,38,7,3,10/18/16,10/26/16,435,LA
53,38,7,1,10/18/16,10/24/16,388,LA
51,39,9,1,10/17/16,10/23/16,324,LA
55,41,4,NA,10/16/16,10/23/16,317,LA
50,35,7,8,10/19/16,10/21/16,500,LA
43,40,10,7,10/15/16,10/21/16,614,LA
49,35,10,6,10/15/16,10/21/16,603,LA
51,35,NA,14,9/30/16,10/20/16,612,LA
54,34,3,9,10/17/16,10/19/16,625,LA
55,41,5,NA,10/9/16,10/16/16,314,LA
45,38,5,12,10/11/16,10/15/16,800,LA
49,36,NA,15,9/23/16,10/13/16,644,LA
55,40,5,NA,10/2/16,10/9/16,320,LA
51,36,NA,13,9/16/16,10/6/16,631,LA
57,39,4,NA,9/19/16,10/2/16,531,LA
50,38,NA,12,9/9/16,9/29/16,585,LA
56,39,5,NA,9/12/16,9/25/16,533,LA
45,35,8,13,9/22/16,9/24/16,905,LA
52,36,NA,12,9/2/16,9/22/16,506,LA
49,33,8,11,9/15/16,9/17/16,500,LA
54,34,NA,12,8/26/16,9/15/16,511,LA
46,40,8,6,8/29/16,9/1/16,605,LA
53,38,NA,8,8/9/16,9/1/16,871,LA
49,33,12,6,8/9/16,9/1/16,871,LA
52,36,4,8,5/5/16,5/6/16,624,LA
47,39,NA,NA,9/20/15,9/23/15,800,LA
30,56,4,4,11/1/16,11/7/16,1378,MA
37,59,4,NA,10/30/16,11/6/16,330,MA
29,56,4,4,10/30/16,11/6/16,1211,MA
36,53,NA,11,10/17/16,11/6/16,512,MA
29,55,4,5,10/29/16,11/4/16,1188,MA
29,56,3,4,10/28/16,11/3/16,1004,MA
37,53,NA,10,10/14/16,11/3/16,508,MA
29,57,3,3,10/27/16,11/2/16,878,MA
26,56,3,7,10/23/16,11/2/16,417,MA
29,58,3,3,10/26/16,11/1/16,797,MA
29,58,4,2,10/25/16,10/31/16,796,MA
28,58,4,2,10/24/16,10/30/16,707,MA
39,58,3,NA,10/23/16,10/29/16,325,MA
29,60,4,2,10/20/16,10/28/16,780,MA
27,56,NA,17,10/7/16,10/27/16,627,MA
25,57,3,12,10/24/16,10/26/16,500,MA
29,60,3,2,10/18/16,10/26/16,787,MA
28,61,3,2,10/18/16,10/24/16,675,MA
29,61,3,2,10/17/16,10/23/16,533,MA
39,58,3,NA,10/16/16,10/23/16,332,MA
25,57,NA,18,9/30/16,10/20/16,648,MA
28,54,5,6,10/13/16,10/16/16,502,MA
31,57,3,9,10/13/16,10/16/16,502,MA
39,58,3,NA,10/9/16,10/16/16,329,MA
39,58,4,NA,10/2/16,10/9/16,328,MA
30,49,NA,21,9/16/16,10/6/16,904,MA
26,58,4,5,9/24/16,10/3/16,403,MA
30,65,NA,5,9/24/16,10/3/16,403,MA
41,56,3,NA,9/19/16,10/2/16,507,MA
28,50,NA,22,9/9/16,9/29/16,780,MA
40,56,4,NA,9/12/16,9/25/16,501,MA
30,54,NA,16,9/2/16,9/22/16,692,MA
34,47,6,5,9/15/16,9/20/16,700,MA
31,53,NA,16,8/26/16,9/15/16,691,MA
28,54,7,3,9/7/16,9/10/16,506,MA
31,60,5,5,9/7/16,9/10/16,506,MA
33,56,NA,12,8/9/16,9/1/16,1167,MA
29,48,5,6,8/9/16,9/1/16,1167,MA
31,55,NA,14,5/2/16,5/5/16,500,MA
26,62,NA,12,4/1/16,4/10/16,497,MA
28,59,10,2,11/1/16,11/7/16,1216,MD
38,56,6,NA,10/30/16,11/6/16,329,MD
29,60,10,2,10/30/16,11/6/16,1056,MD
34,56,NA,10,10/17/16,11/6/16,720,MD
28,61,10,2,10/29/16,11/4/16,1012,MD
27,62,10,1,10/28/16,11/3/16,851,MD
35,53,NA,12,10/14/16,11/3/16,711,MD
26,63,10,1,10/27/16,11/2/16,772,MD
27,63,8,1,10/26/16,11/1/16,695,MD
27,63,8,2,10/25/16,10/31/16,740,MD
27,63,9,2,10/24/16,10/30/16,696,MD
38,58,4,NA,10/23/16,10/29/16,330,MD
27,62,10,2,10/20/16,10/28/16,923,MD
34,54,NA,12,10/7/16,10/27/16,728,MD
27,62,9,2,10/18/16,10/26/16,1046,MD
27,61,9,2,10/18/16,10/24/16,915,MD
27,61,9,2,10/17/16,10/23/16,783,MD
38,58,4,NA,10/16/16,10/23/16,332,MD
29,53,NA,18,9/30/16,10/20/16,533,MD
37,59,4,NA,10/9/16,10/16/16,325,MD
32,54,NA,14,9/23/16,10/13/16,686,MD
37,58,5,NA,10/2/16,10/9/16,331,MD
32,53,NA,15,9/16/16,10/6/16,705,MD
39,58,4,NA,9/19/16,10/2/16,527,MD
27,63,6,2,9/27/16,9/30/16,706,MD
33,52,NA,15,9/9/16,9/29/16,669,MD
38,58,5,NA,9/12/16,9/25/16,531,MD
34,50,NA,16,9/2/16,9/22/16,628,MD
25,58,8,9,9/17/16,9/20/16,514,MD
29,53,NA,18,8/26/16,9/15/16,525,MD
31,61,NA,8,8/9/16,9/1/16,1199,MD
27,54,15,5,8/9/16,9/1/16,1199,MD
25,54,10,12,8/18/16,8/30/16,756,MD
28,61,NA,11,4/15/16,4/17/16,879,MD
27,63,NA,10,4/5/16,4/9/16,2563,MD
28,63,5,4,3/30/16,4/3/16,NA,MD
38,46,5,2,11/1/16,11/7/16,779,ME
41,54,5,NA,10/30/16,11/6/16,308,ME
39,47,5,3,10/30/16,11/6/16,674,ME
35,42,NA,23,10/17/16,11/6/16,304,ME
39,47,5,3,10/29/16,11/4/16,635,ME
39,48,4,2,10/28/16,11/3/16,590,ME
37,45,NA,18,10/14/16,11/3/16,294,ME
38,47,5,4,10/27/16,11/2/16,529,ME
37,49,4,4,10/26/16,11/1/16,428,ME
37,49,4,4,10/25/16,10/31/16,432,ME
38,50,3,2,10/24/16,10/30/16,386,ME
43,54,3,NA,10/23/16,10/29/16,312,ME
36,51,3,2,10/20/16,10/28/16,412,ME
39,46,NA,15,10/7/16,10/27/16,274,ME
40,47,NA,13,10/24/16,10/26/16,812,ME
37,42,4,9,10/24/16,10/26/16,812,ME
35,52,4,3,10/18/16,10/26/16,410,ME
37,48,6,3,10/20/16,10/25/16,646,ME
35,51,4,3,10/18/16,10/24/16,370,ME
36,50,5,3,10/17/16,10/23/16,318,ME
42,55,3,NA,10/16/16,10/23/16,309,ME
42,55,3,NA,10/9/16,10/16/16,313,ME
39,49,NA,12,10/14/16,10/15/16,890,ME
36,42,4,9,10/14/16,10/15/16,890,ME
35,48,NA,17,9/23/16,10/13/16,281,ME
40,49,NA,11,10/7/16,10/9/16,892,ME
36,44,3,8,10/7/16,10/9/16,892,ME
41,55,4,NA,10/2/16,10/9/16,305,ME
33,46,NA,21,9/16/16,10/6/16,303,ME
43,54,3,NA,9/19/16,10/2/16,462,ME
34,45,NA,21,9/9/16,9/29/16,326,ME
43,54,4,NA,9/12/16,9/25/16,460,ME
38,40,NA,22,9/2/16,9/22/16,306,ME
37,42,15,5,9/15/16,9/21/16,513,ME
36,40,5,7,9/15/16,9/21/16,513,ME
40,45,NA,15,9/15/16,9/17/16,835,ME
37,37,5,11,9/15/16,9/17/16,835,ME
40,41,NA,19,8/26/16,9/15/16,275,ME
39,42,5,5,9/4/16,9/10/16,779,ME
39,47,NA,14,8/9/16,9/1/16,715,ME
34,37,8,7,8/9/16,9/1/16,715,ME
32,42,4,13,8/17/16,8/20/16,841,ME
37,48,NA,15,8/17/16,8/20/16,841,ME
36,46,17,NA,8/4/16,8/8/16,2046,ME
33,43,14,NA,8/4/16,8/8/16,2046,ME
35,42,19,4,6/15/16,6/21/16,469,ME
42,44,3,2,11/1/16,11/7/16,3145,MI
45,49,6,NA,10/30/16,11/6/16,334,MI
42,44,3,2,10/30/16,11/6/16,2868,MI
45,46,NA,9,10/17/16,11/6/16,609,MI
41,46,2,6,11/3/16,11/4/16,957,MI
44,50,NA,6,11/3/16,11/4/16,957,MI
42,44,3,2,10/29/16,11/4/16,2748,MI
43,44,3,2,10/28/16,11/3/16,2362,MI
43,43,NA,14,10/14/16,11/3/16,607,MI
42,45,3,2,10/27/16,11/2/16,1993,MI
43,44,4,3,10/26/16,11/1/16,1739,MI
42,43,5,3,10/25/16,10/31/16,1649,MI
42,43,5,3,10/24/16,10/30/16,1400,MI
32,52,6,10,9/1/16,10/30/16,746,MI
28,47,6,8,9/1/16,10/30/16,746,MI
46,51,4,NA,10/23/16,10/29/16,337,MI
41,44,4,3,10/20/16,10/28/16,1787,MI
37,41,NA,22,10/7/16,10/27/16,1256,MI
40,43,5,4,10/18/16,10/26/16,1928,MI
37,45,1,15,10/22/16,10/24/16,600,MI
34,41,3,13,10/22/16,10/24/16,600,MI
40,44,4,4,10/18/16,10/24/16,1663,MI
39,43,4,4,10/17/16,10/23/16,1392,MI
45,51,4,NA,10/16/16,10/23/16,329,MI
41,45,NA,14,9/30/16,10/20/16,853,MI
36,41,8,12,10/16/16,10/19/16,600,MI
36,40,9,15,10/6/16,10/17/16,1370,MI
36,40,5,12,10/6/16,10/17/16,1370,MI
44,52,4,NA,10/9/16,10/16/16,327,MI
42,51,NA,8,10/8/16,10/16/16,1331,MI
37,45,5,3,10/8/16,10/16/16,1331,MI
37,44,NA,19,9/23/16,10/13/16,2192,MI
33,47,5,14,10/10/16,10/11/16,600,MI
31,42,6,12,10/10/16,10/11/16,600,MI
44,52,5,NA,10/2/16,10/9/16,338,MI
38,45,NA,17,9/16/16,10/6/16,687,MI
36,46,0,16,10/1/16,10/3/16,600,MI
32,43,3,12,10/1/16,10/3/16,600,MI
46,50,4,NA,9/19/16,10/2/16,554,MI
39,39,NA,22,9/9/16,9/29/16,608,MI
39,46,4,11,9/27/16,9/28/16,600,MI
35,42,4,10,9/27/16,9/28/16,600,MI
46,50,5,NA,9/12/16,9/25/16,549,MI
42,43,NA,15,9/2/16,9/22/16,957,MI
44,44,NA,12,8/26/16,9/15/16,991,MI
38,42,0,17,9/10/16,9/13/16,600,MI
35,38,4,13,9/10/16,9/13/16,600,MI
44,46,NA,10,8/9/16,9/1/16,2428,MI
38,39,5,5,8/9/16,9/1/16,2428,MI
37,44,3,11,8/22/16,8/24/16,500,MI
36,46,0,17,7/30/16,8/4/16,600,MI
32,43,3,14,7/30/16,8/4/16,600,MI
32,41,4,15,7/30/16,8/1/16,600,MI
39,42,11,8,7/13/16,7/15/16,1201,MI
29,34,4,31,7/11/16,7/15/16,800,MI
34,40,NA,27,7/5/16,7/11/16,600,MI
41,48,11,NA,7/7/16,7/8/16,1562,MI
34,37,27,NA,7/7/16,7/8/16,1562,MI
39,50,6,5,6/11/16,6/20/16,300,MI
33,48,3,3,6/11/16,6/20/16,300,MI
39,43,4,15,5/24/16,5/26/16,600,MI
33,37,14,17,5/24/16,5/26/16,600,MI
38,49,NA,13,3/23/16,3/24/16,904,MI
37,47,NA,16,3/19/16,3/22/16,600,MI
36,52,NA,13,3/1/16,3/3/16,2229,MI
39,44,4,13,2/22/16,2/27/16,600,MI
38,46,NA,16,10/25/15,10/31/15,600,MI
42,42,NA,NA,9/18/15,9/18/15,1483,MI
40,43,NA,NA,9/9/15,9/14/15,600,MI
42,44,NA,14,8/18/15,8/22/15,600,MI
40,39,NA,NA,8/10/15,8/10/15,1310,MI
39,49,NA,12,6/25/15,6/28/15,1072,MI
39,46,12,3,11/1/16,11/7/16,1292,MN
46,50,4,NA,10/30/16,11/6/16,330,MN
37,46,12,4,10/30/16,11/6/16,1218,MN
36,44,NA,20,10/17/16,11/6/16,762,MN
38,46,13,4,10/29/16,11/4/16,1188,MN
37,47,12,4,10/28/16,11/3/16,1055,MN
37,42,NA,21,10/14/16,11/3/16,751,MN
37,47,12,4,10/27/16,11/2/16,928,MN
37,47,11,4,10/26/16,11/1/16,805,MN
37,46,13,4,10/25/16,10/31/16,773,MN
38,47,13,3,10/24/16,10/30/16,639,MN
47,50,3,NA,10/23/16,10/29/16,316,MN
37,47,12,4,10/20/16,10/28/16,694,MN
37,41,NA,22,10/7/16,10/27/16,881,MN
37,47,13,3,10/18/16,10/26/16,671,MN
39,49,10,3,10/22/16,10/25/16,656,MN
42,53,NA,6,10/22/16,10/25/16,656,MN
36,47,14,4,10/18/16,10/24/16,566,MN
34,48,14,4,10/17/16,10/23/16,452,MN
47,50,3,NA,10/16/16,10/23/16,321,MN
39,47,8,6,10/20/16,10/22/16,625,MN
32,44,NA,24,9/30/16,10/20/16,553,MN
46,51,4,NA,10/9/16,10/16/16,329,MN
36,43,NA,21,9/23/16,10/13/16,689,MN
45,51,4,NA,10/2/16,10/9/16,322,MN
38,42,NA,20,9/16/16,10/6/16,720,MN
47,50,4,NA,9/19/16,10/2/16,497,MN
35,43,NA,22,9/9/16,9/29/16,615,MN
46,50,4,NA,9/12/16,9/25/16,488,MN
36,43,NA,21,9/2/16,9/22/16,578,MN
39,46,9,6,9/16/16,9/20/16,625,MN
43,49,NA,7,9/16/16,9/20/16,625,MN
34,44,NA,22,8/26/16,9/15/16,641,MN
38,44,8,10,9/12/16,9/14/16,625,MN
40,49,NA,10,8/9/16,9/1/16,2054,MN
34,41,20,6,8/9/16,9/1/16,2054,MN
38,43,NA,19,1/18/16,1/20/16,800,MN
45,42,NA,13,10/29/15,11/2/15,516,MN
39,44,NA,17,7/30/15,8/2/15,1015,MN
48,40,11,2,11/1/16,11/7/16,1368,MO
49,44,7,NA,10/30/16,11/6/16,380,MO
48,40,10,2,10/30/16,11/6/16,1119,MO
48,40,NA,12,10/17/16,11/6/16,836,MO
48,41,9,2,10/29/16,11/4/16,1059,MO
49,39,11,2,10/28/16,11/3/16,879,MO
49,40,NA,11,10/14/16,11/3/16,855,MO
48,39,11,2,10/27/16,11/2/16,774,MO
52,41,NA,7,10/31/16,11/1/16,1083,MO
47,38,4,11,10/27/16,11/1/16,508,MO
47,39,13,1,10/26/16,11/1/16,649,MO
52,38,7,4,10/28/16,10/31/16,405,MO
46,39,13,2,10/25/16,10/31/16,671,MO
46,39,14,2,10/24/16,10/30/16,568,MO
53,44,4,NA,10/23/16,10/29/16,374,MO
48,37,13,2,10/20/16,10/28/16,721,MO
48,42,NA,10,10/7/16,10/27/16,593,MO
47,42,4,7,10/24/16,10/26/16,625,MO
49,37,12,2,10/18/16,10/26/16,797,MO
50,36,12,2,10/18/16,10/24/16,716,MO
50,36,12,2,10/17/16,10/23/16,589,MO
52,44,4,NA,10/16/16,10/23/16,377,MO
48,37,NA,15,9/30/16,10/20/16,611,MO
51,45,4,NA,10/9/16,10/16/16,359,MO
48,36,NA,16,9/23/16,10/13/16,812,MO
46,41,8,5,10/9/16,10/11/16,406,MO
51,45,5,NA,10/2/16,10/9/16,378,MO
49,37,NA,14,9/16/16,10/6/16,871,MO
53,44,4,NA,9/19/16,10/2/16,570,MO
48,36,NA,16,9/9/16,9/29/16,708,MO
52,44,5,NA,9/12/16,9/25/16,571,MO
46,37,9,7,9/21/16,9/23/16,1087,MO
51,35,NA,14,9/2/16,9/22/16,660,MO
53,36,NA,11,8/26/16,9/15/16,693,MO
51,41,NA,9,8/9/16,9/1/16,1801,MO
43,34,19,4,8/9/16,9/1/16,1801,MO
47,41,NA,11,8/26/16,8/27/16,1055,MO
44,43,9,5,8/19/16,8/22/16,401,MO
45,42,NA,13,8/8/16,8/9/16,947,MO
40,41,10,9,7/23/16,7/24/16,625,MO
47,37,8,7,7/20/16,7/24/16,1943,MO
46,36,8,10,7/11/16,7/12/16,959,MO
50,40,NA,10,7/11/16,7/12/16,959,MO
40,42,8,11,3/17/16,3/24/16,674,MO
43,38,NA,19,3/3/16,3/10/16,475,MO
48,39,NA,13,8/7/15,8/9/15,859,MO
50,42,6,2,11/1/16,11/7/16,719,MS
54,42,4,NA,10/30/16,11/6/16,330,MS
50,41,6,2,10/30/16,11/6/16,676,MS
53,36,NA,11,10/17/16,11/6/16,388,MS
50,40,7,3,10/29/16,11/4/16,704,MS
49,40,8,3,10/28/16,11/3/16,673,MS
54,34,NA,12,10/14/16,11/3/16,377,MS
48,40,9,3,10/27/16,11/2/16,676,MS
47,41,9,3,10/26/16,11/1/16,623,MS
48,41,9,3,10/25/16,10/31/16,648,MS
47,42,8,3,10/24/16,10/30/16,635,MS
55,42,4,NA,10/23/16,10/29/16,313,MS
49,42,6,2,10/20/16,10/28/16,819,MS
52,33,NA,15,10/7/16,10/27/16,390,MS
50,42,5,2,10/18/16,10/26/16,800,MS
50,42,6,2,10/18/16,10/24/16,704,MS
51,43,3,2,10/17/16,10/23/16,599,MS
54,42,4,NA,10/16/16,10/23/16,320,MS
52,37,NA,11,9/30/16,10/20/16,367,MS
54,42,4,NA,10/9/16,10/16/16,322,MS
49,41,NA,10,9/23/16,10/13/16,404,MS
54,42,5,NA,10/2/16,10/9/16,324,MS
51,40,NA,9,9/16/16,10/6/16,405,MS
57,40,4,NA,9/19/16,10/2/16,528,MS
49,38,NA,13,9/9/16,9/29/16,385,MS
55,41,5,NA,9/12/16,9/25/16,512,MS
50,38,NA,12,9/2/16,9/22/16,365,MS
51,37,NA,12,8/26/16,9/15/16,348,MS
48,46,NA,6,8/9/16,9/1/16,823,MS
46,43,6,5,8/9/16,9/1/16,823,MS
46,43,NA,11,3/28/16,3/30/16,625,MS
52,30,15,4,11/1/16,11/7/16,449,MT
54,41,6,NA,10/30/16,11/6/16,339,MT
53,31,13,3,10/30/16,11/6/16,410,MT
53,32,12,3,10/29/16,11/4/16,430,MT
53,34,11,2,10/28/16,11/3/16,403,MT
51,34,13,3,10/27/16,11/2/16,376,MT
50,34,13,2,10/26/16,11/1/16,385,MT
49,36,12,2,10/25/16,10/31/16,405,MT
48,38,12,2,10/24/16,10/30/16,382,MT
55,41,5,NA,10/23/16,10/29/16,340,MT
51,35,11,3,10/20/16,10/28/16,490,MT
51,35,11,3,10/18/16,10/26/16,549,MT
52,35,9,4,10/18/16,10/24/16,475,MT
51,35,11,4,10/17/16,10/23/16,410,MT
55,41,5,NA,10/16/16,10/23/16,339,MT
55,41,5,NA,10/9/16,10/16/16,329,MT
43,27,9,20,10/3/16,10/10/16,590,MT
54,40,6,NA,10/2/16,10/9/16,496,MT
57,39,4,NA,9/19/16,10/2/16,647,MT
58,38,5,NA,9/12/16,9/25/16,493,MT
51,38,NA,12,8/9/16,9/1/16,999,MT
44,31,19,7,8/9/16,9/1/16,999,MT
41,48,NA,3,11/1/16,11/7/16,3126,NC
44,44,2,6,11/4/16,11/6/16,800,NC
45,47,2,4,11/3/16,11/6/16,870,NC
45,48,3,4,11/3/16,11/6/16,870,NC
48,47,6,NA,10/30/16,11/6/16,357,NC
41,48,3,NA,10/30/16,11/6/16,2865,NC
47,46,NA,7,10/17/16,11/6/16,650,NC
41,48,NA,3,10/29/16,11/4/16,2765,NC
42,48,NA,3,10/28/16,11/3/16,2292,NC
48,47,NA,5,10/14/16,11/3/16,660,NC
48,45,1,2,11/1/16,11/2/16,2596,NC
41,49,NA,3,10/27/16,11/2/16,1886,NC
47,49,NA,4,10/31/16,11/1/16,1169,NC
44,47,1,5,10/27/16,11/1/16,602,NC
46,48,2,4,10/27/16,11/1/16,602,NC
42,49,NA,2,10/26/16,11/1/16,1617,NC
51,44,NA,3,10/28/16,10/31/16,659,NC
44,47,NA,2,10/25/16,10/31/16,1574,NC
47,45,1,4,10/30/16,10/30/16,1176,NC
43,47,NA,2,10/24/16,10/30/16,1383,NC
48,48,4,NA,10/23/16,10/29/16,351,NC
45,48,2,2,10/26/16,10/28/16,992,NC
43,48,NA,2,10/20/16,10/28/16,1797,NC
41,42,2,12,10/23/16,10/27/16,710,NC
44,48,NA,8,10/7/16,10/27/16,1285,NC
44,50,5,2,10/25/16,10/26/16,780,NC
41,47,2,2,10/25/16,10/26/16,780,NC
43,47,1,4,10/20/16,10/26/16,702,NC
44,50,1,4,10/20/16,10/26/16,702,NC
43,48,NA,3,10/18/16,10/26/16,2001,NC
43,47,NA,3,10/18/16,10/24/16,1825,NC
39,46,1,6,10/20/16,10/23/16,792,NC
41,49,5,5,10/20/16,10/23/16,792,NC
46,47,1,2,10/20/16,10/23/16,402,NC
42,48,NA,6,10/17/16,10/23/16,1546,NC
47,49,4,NA,10/16/16,10/23/16,356,NC
44,47,NA,5,10/21/16,10/22/16,875,NC
46,49,NA,5,10/21/16,10/22/16,875,NC
47,44,1,5,10/20/16,10/22/16,1764,NC
43,47,NA,10,9/30/16,10/20/16,755,NC
43,45,5,7,10/6/16,10/19/16,1233,NC
43,45,3,5,10/6/16,10/19/16,1233,NC
41,42,2,7,10/17/16,10/18/16,924,NC
43,45,1,6,10/14/16,10/17/16,600,NC
44,46,NA,4,10/14/16,10/17/16,651,NC
46,48,NA,6,10/14/16,10/17/16,651,NC
48,48,4,NA,10/9/16,10/16/16,350,NC
43,51,NA,7,10/8/16,10/16/16,1191,NC
40,46,3,3,10/8/16,10/16/16,1191,NC
47,48,1,0,10/10/16,10/15/16,788,NC
48,50,2,0,10/10/16,10/15/16,788,NC
42,46,NA,12,9/23/16,10/13/16,2059,NC
43,48,6,3,10/10/16,10/12/16,743,NC
41,45,2,3,10/10/16,10/12/16,743,NC
43,45,NA,7,10/10/16,10/12/16,500,NC
47,48,5,NA,10/2/16,10/9/16,514,NC
42,43,NA,6,10/1/16,10/6/16,479,NC
43,44,NA,13,9/16/16,10/6/16,600,NC
44,46,NA,6,9/29/16,10/3/16,656,NC
45,46,4,5,9/29/16,10/2/16,805,NC
43,44,2,5,9/29/16,10/2/16,805,NC
43,46,1,3,9/27/16,10/2/16,507,NC
46,49,0,4,9/27/16,10/2/16,507,NC
50,46,5,NA,9/19/16,10/2/16,773,NC
39,45,1,6,9/27/16,9/30/16,660,NC
44,48,NA,8,9/9/16,9/29/16,1014,NC
42,44,NA,7,9/27/16,9/28/16,861,NC
45,49,NA,7,9/27/16,9/28/16,861,NC
49,46,5,NA,9/12/16,9/25/16,610,NC
35,38,10,11,9/18/16,9/22/16,487,NC
42,43,NA,6,9/17/16,9/22/16,404,NC
43,49,NA,8,9/2/16,9/22/16,520,NC
45,40,1,8,9/18/16,9/20/16,734,NC
47,42,1,10,9/18/16,9/20/16,734,NC
45,43,NA,7,9/18/16,9/20/16,1024,NC
47,47,NA,6,9/18/16,9/20/16,1024,NC
43,45,2,11,9/16/16,9/19/16,782,NC
41,41,3,5,9/16/16,9/19/16,782,NC
40,44,3,3,9/10/16,9/19/16,400,NC
44,43,1,6,9/12/16,9/16/16,644,NC
44,46,NA,10,8/26/16,9/15/16,917,NC
42,42,NA,9,9/11/16,9/12/16,600,NC
44,41,NA,11,9/5/16,9/7/16,500,NC
43,47,2,8,8/29/16,9/7/16,751,NC
38,42,0,5,8/29/16,9/7/16,751,NC
42,46,3,4,8/30/16,9/2/16,1088,NC
46,46,NA,8,8/9/16,9/1/16,2552,NC
41,40,4,5,8/9/16,9/1/16,2552,NC
44,45,NA,12,8/26/16,8/27/16,1177,NC
42,44,1,6,8/20/16,8/23/16,401,NC
47,48,4,1,8/18/16,8/23/16,803,NC
45,45,2,0,8/18/16,8/23/16,803,NC
43,44,NA,13,8/15/16,8/17/16,723,NC
39,38,2,10,8/15/16,8/17/16,723,NC
39,48,7,7,8/4/16,8/10/16,921,NC
36,45,3,7,8/4/16,8/10/16,921,NC
41,43,2,8,8/5/16,8/7/16,830,NC
46,47,NA,7,8/5/16,8/7/16,830,NC
46,42,NA,7,7/31/16,8/2/16,400,NC
51,41,NA,8,7/31/16,8/2/16,400,NC
38,44,12,6,7/5/16,7/11/16,907,NC
36,42,4,11,7/5/16,7/11/16,907,NC
42,44,6,7,6/21/16,6/24/16,988,NC
43,43,6,7,6/20/16,6/21/16,947,NC
48,46,NA,5,6/20/16,6/21/16,947,NC
41,51,5,3,6/11/16,6/20/16,300,NC
38,48,5,4,6/11/16,6/20/16,300,NC
39,36,10,11,5/21/16,5/23/16,600,NC
43,41,5,11,5/20/16,5/22/16,928,NC
47,43,NA,9,5/20/16,5/22/16,928,NC
37,49,2,12,4/23/16,4/25/16,600,NC
44,44,NA,12,4/22/16,4/24/16,960,NC
39,45,14,3,4/10/16,4/15/16,621,NC
42,44,NA,14,3/18/16,3/20/16,843,NC
49,42,NA,9,3/9/16,3/10/16,1576,NC
41,47,9,4,2/15/16,2/19/16,1530,NC
44,43,NA,13,2/14/16,2/16/16,1291,NC
45,43,NA,13,2/14/16,2/16/16,1250,NC
45,43,NA,12,1/18/16,1/19/16,948,NC
47,43,NA,10,12/5/15,12/7/15,1214,NC
40,50,8,3,10/29/15,11/2/15,1040,NC
48,42,NA,10,10/23/15,10/25/15,893,NC
43,47,NA,11,9/28/15,9/30/15,600,NC
47,42,NA,12,9/24/15,9/27/15,1268,NC
40,47,10,3,9/17/15,9/21/15,1075,NC
45,42,NA,14,8/12/15,8/16/15,957,NC
44,47,NA,9,7/2/15,7/6/15,529,NC
57,29,11,2,11/1/16,11/7/16,313,ND
55,39,7,NA,10/30/16,11/6/16,307,ND
57,29,13,1,10/30/16,11/6/16,288,ND
57,29,13,1,10/29/16,11/4/16,287,ND
56,29,13,1,10/28/16,11/3/16,276,ND
55,31,12,3,10/27/16,11/2/16,260,ND
54,32,12,3,10/26/16,11/1/16,254,ND
53,31,13,2,10/25/16,10/31/16,279,ND
55,32,11,2,10/24/16,10/30/16,260,ND
57,37,7,NA,10/23/16,10/29/16,306,ND
54,31,11,4,10/20/16,10/28/16,333,ND
52,31,13,4,10/18/16,10/26/16,372,ND
49,31,15,5,10/18/16,10/24/16,339,ND
50,30,15,5,10/17/16,10/23/16,294,ND
56,37,7,NA,10/16/16,10/23/16,309,ND
56,37,8,NA,10/9/16,10/16/16,314,ND
55,37,8,NA,10/2/16,10/9/16,314,ND
57,36,8,NA,9/19/16,10/2/16,480,ND
57,36,8,NA,9/12/16,9/25/16,487,ND
43,32,9,16,9/12/16,9/17/16,400,ND
60,32,NA,8,8/9/16,9/1/16,549,ND
51,26,18,5,8/9/16,9/1/16,549,ND
52,35,10,3,11/1/16,11/7/16,988,NE
56,38,6,NA,10/30/16,11/6/16,340,NE
52,34,10,3,10/30/16,11/6/16,873,NE
53,32,NA,15,10/17/16,11/6/16,350,NE
52,34,10,4,10/29/16,11/4/16,840,NE
51,35,10,4,10/28/16,11/3/16,707,NE
53,31,NA,16,10/14/16,11/3/16,338,NE
50,34,12,4,10/27/16,11/2/16,599,NE
52,33,13,3,10/26/16,11/1/16,440,NE
52,32,13,2,10/25/16,10/31/16,412,NE
51,33,14,2,10/24/16,10/30/16,328,NE
58,38,4,NA,10/23/16,10/29/16,334,NE
53,32,13,2,10/20/16,10/28/16,440,NE
50,35,NA,15,10/7/16,10/27/16,332,NE
51,32,15,2,10/18/16,10/26/16,513,NE
52,33,14,2,10/18/16,10/24/16,461,NE
51,33,14,2,10/17/16,10/23/16,394,NE
58,38,4,NA,10/16/16,10/23/16,337,NE
47,35,NA,18,9/30/16,10/20/16,326,NE
57,39,4,NA,10/9/16,10/16/16,333,NE
49,33,NA,18,9/23/16,10/13/16,386,NE
57,39,5,NA,10/2/16,10/9/16,351,NE
48,32,NA,20,9/16/16,10/6/16,356,NE
59,37,4,NA,9/19/16,10/2/16,541,NE
51,33,NA,16,9/9/16,9/29/16,324,NE
59,37,5,NA,9/12/16,9/25/16,529,NE
54,31,NA,15,9/2/16,9/22/16,277,NE
51,32,NA,17,8/26/16,9/15/16,267,NE
49,38,NA,13,8/9/16,9/1/16,983,NE
42,32,20,6,8/9/16,9/1/16,983,NE
38,47,2,3,11/1/16,11/7/16,696,NH
38,49,3,4,11/3/16,11/6/16,692,NH
43,49,8,NA,10/30/16,11/6/16,310,NH
38,49,3,3,10/30/16,11/6/16,672,NH
42,44,NA,14,10/17/16,11/6/16,316,NH
38,48,2,3,10/29/16,11/4/16,662,NH
37,47,3,3,10/28/16,11/3/16,672,NH
40,46,NA,14,10/14/16,11/3/16,306,NH
43,41,5,3,11/1/16,11/2/16,1001,NH
42,42,2,9,10/31/16,11/2/16,500,NH
48,43,1,4,10/31/16,11/2/16,600,NH
44,44,3,4,10/28/16,11/2/16,695,NH
45,44,2,10,10/28/16,11/2/16,695,NH
37,47,2,3,10/27/16,11/2/16,658,NH
43,48,NA,9,10/31/16,11/1/16,781,NH
40,39,3,7,10/29/16,11/1/16,500,NH
44,42,7,7,10/29/16,11/1/16,500,NH
35,49,2,4,10/26/16,11/1/16,635,NH
35,48,3,3,10/25/16,10/31/16,659,NH
39,46,4,5,10/26/16,10/30/16,618,NH
36,46,3,3,10/24/16,10/30/16,635,NH
47,50,4,NA,10/23/16,10/29/16,307,NH
36,48,3,2,10/20/16,10/28/16,825,NH
40,44,NA,16,10/7/16,10/27/16,264,NH
35,49,3,2,10/18/16,10/26/16,861,NH
42,46,2,4,10/22/16,10/25/16,401,NH
39,47,12,2,10/20/16,10/24/16,768,NH
36,45,6,3,10/20/16,10/24/16,768,NH
37,49,2,2,10/18/16,10/24/16,779,NH
37,49,2,2,10/17/16,10/23/16,683,NH
46,50,4,NA,10/16/16,10/23/16,310,NH
38,43,8,4,10/17/16,10/21/16,772,NH
39,45,NA,16,9/30/16,10/20/16,262,NH
34,49,7,3,10/11/16,10/17/16,755,NH
46,50,4,NA,10/9/16,10/16/16,308,NH
43,50,NA,8,10/8/16,10/16/16,569,NH
36,47,4,2,10/8/16,10/16/16,569,NH
42,46,NA,12,9/23/16,10/13/16,282,NH
38,41,3,7,10/10/16,10/12/16,501,NH
41,46,6,6,10/10/16,10/12/16,501,NH
39,45,4,4,10/7/16,10/11/16,517,NH
45,50,5,NA,10/2/16,10/9/16,309,NH
40,49,NA,11,9/16/16,10/6/16,293,NH
42,44,1,8,10/3/16,10/5/16,500,NH
38,46,3,6,9/29/16,10/2/16,500,NH
48,48,4,NA,9/19/16,10/2/16,491,NH
35,42,4,6,9/27/16,9/29/16,502,NH
38,47,7,8,9/27/16,9/29/16,502,NH
41,47,NA,12,9/9/16,9/29/16,276,NH
37,43,5,4,9/25/16,9/27/16,600,NH
40,46,NA,13,9/25/16,9/27/16,600,NH
42,46,1,5,9/20/16,9/25/16,522,NH
47,48,5,NA,9/12/16,9/25/16,493,NH
36,51,NA,13,9/2/16,9/22/16,283,NH
38,47,2,3,9/17/16,9/20/16,400,NH
39,48,NA,13,8/26/16,9/15/16,269,NH
41,42,13,3,9/6/16,9/8/16,737,NH
37,39,4,5,9/6/16,9/8/16,737,NH
40,49,NA,11,8/9/16,9/1/16,1218,NH
34,40,6,6,8/9/16,9/1/16,1218,NH
41,46,NA,13,8/30/16,8/31/16,585,NH
40,46,NA,14,8/26/16,8/28/16,977,NH
36,45,14,5,8/20/16,8/28/16,433,NH
32,43,7,5,8/20/16,8/28/16,433,NH
36,45,6,7,8/10/16,8/12/16,990,NH
31,41,3,13,8/7/16,8/8/16,820,NH
32,47,3,9,7/29/16,8/1/16,609,NH
48,39,NA,14,7/19/16,7/21/16,1166,NH
37,39,18,6,7/9/16,7/18/16,532,NH
37,37,10,6,7/9/16,7/18/16,532,NH
42,47,4,7,6/24/16,6/28/16,533,NH
39,43,NA,18,6/22/16,6/23/16,578,NH
43,44,9,3,6/11/16,6/20/16,300,NH
41,41,5,4,6/11/16,6/20/16,300,NH
44,44,NA,12,5/25/16,5/28/16,405,NH
42,44,7,7,5/12/16,5/15/16,501,NH
31,50,15,4,4/7/16,4/17/16,533,NH
29,34,NA,37,4/11/16,4/16/16,362,NH
39,47,10,4,2/20/16,2/28/16,628,NH
40,45,NA,15,2/5/16,2/7/16,1411,NH
39,45,NA,16,2/4/16,2/6/16,1413,NH
39,48,10,3,1/13/16,1/18/16,885,NH
44,45,NA,11,1/2/16,1/7/16,957,NH
36,50,NA,14,1/4/16,1/6/16,1036,NH
41,47,NA,12,11/30/15,12/2/15,990,NH
40,47,2,10,11/15/15,11/17/15,804,NH
38,45,NA,17,11/6/15,11/16/15,530,NH
41,47,NA,12,10/16/15,10/18/15,880,NH
45,48,NA,8,9/23/15,9/30/15,1044,NH
42,50,3,5,9/17/15,9/23/15,743,NH
45,46,NA,8,8/26/15,9/2/15,910,NH
44,46,NA,10,8/21/15,8/24/15,841,NH
40,50,2,7,7/22/15,7/30/15,652,NH
37,52,8,3,11/1/16,11/7/16,1377,NJ
41,55,4,NA,10/30/16,11/6/16,348,NJ
37,53,8,3,10/30/16,11/6/16,1206,NJ
38,48,NA,14,10/17/16,11/6/16,658,NJ
37,53,8,3,10/29/16,11/4/16,1119,NJ
37,55,6,2,10/28/16,11/3/16,943,NJ
36,50,NA,14,10/14/16,11/3/16,662,NJ
40,51,5,6,10/27/16,11/2/16,678,NJ
38,54,6,2,10/27/16,11/2/16,823,NJ
36,55,7,3,10/26/16,11/1/16,719,NJ
35,55,7,3,10/25/16,10/31/16,724,NJ
34,55,8,4,10/24/16,10/30/16,674,NJ
40,57,3,NA,10/23/16,10/29/16,353,NJ
34,54,9,3,10/20/16,10/28/16,734,NJ
34,51,NA,15,10/7/16,10/27/16,774,NJ
35,53,9,3,10/18/16,10/26/16,703,NJ
36,52,9,3,10/18/16,10/24/16,590,NJ
36,52,9,2,10/17/16,10/23/16,470,NJ
40,57,3,NA,10/16/16,10/23/16,355,NJ
32,53,NA,15,9/30/16,10/20/16,906,NJ
40,51,4,5,10/12/16,10/16/16,579,NJ
35,49,12,5,10/12/16,10/16/16,293,NJ
39,57,4,NA,10/9/16,10/16/16,338,NJ
32,50,NA,18,9/23/16,10/13/16,1084,NJ
39,57,4,NA,10/2/16,10/9/16,339,NJ
34,49,NA,17,9/16/16,10/6/16,595,NJ
41,55,4,NA,9/19/16,10/2/16,568,NJ
40,46,9,5,9/22/16,9/29/16,638,NJ
34,47,NA,19,9/9/16,9/29/16,606,NJ
40,56,4,NA,9/12/16,9/25/16,560,NJ
32,50,NA,18,9/2/16,9/22/16,953,NJ
33,49,NA,18,8/26/16,9/15/16,982,NJ
29,50,15,7,9/6/16,9/10/16,726,NJ
35,59,6,1,9/6/16,9/10/16,718,NJ
38,53,NA,9,8/9/16,9/1/16,912,NJ
34,49,11,5,8/9/16,9/1/16,912,NJ
32,44,15,9,6/22/16,6/26/16,349,NJ
31,52,5,11,6/22/16,6/26/16,363,NJ
34,49,8,8,5/31/16,6/3/16,1194,NJ
34,38,11,17,5/23/16,5/27/16,703,NJ
31,37,15,16,5/23/16,5/27/16,703,NJ
37,48,7,8,5/18/16,5/22/16,702,NJ
38,45,3,13,5/10/16,5/16/16,1989,NJ
36,50,11,3,4/1/16,4/8/16,738,NJ
38,40,4,2,11/1/16,11/7/16,749,NM
38,47,15,NA,10/30/16,11/6/16,330,NM
36,40,6,2,10/30/16,11/6/16,768,NM
38,41,NA,21,10/17/16,11/6/16,275,NM
36,41,4,2,10/29/16,11/4/16,810,NM
40,45,3,2,11/1/16,11/3/16,504,NM
36,41,4,3,10/28/16,11/3/16,794,NM
42,45,NA,13,10/14/16,11/3/16,271,NM
43,46,3,1,11/1/16,11/2/16,1102,NM
35,40,4,3,10/27/16,11/2/16,820,NM
31,39,2,7,10/28/16,11/1/16,567,NM
34,42,3,2,10/26/16,11/1/16,900,NM
34,44,3,2,10/25/16,10/31/16,987,NM
33,45,1,2,10/24/16,10/30/16,892,NM
44,50,5,NA,10/23/16,10/29/16,322,NM
35,43,2,1,10/20/16,10/28/16,1141,NM
34,42,2,2,10/18/16,10/26/16,1175,NM
34,41,2,2,10/18/16,10/24/16,1095,NM
33,41,3,1,10/17/16,10/23/16,958,NM
44,51,5,NA,10/16/16,10/23/16,320,NM
44,51,6,NA,10/9/16,10/16/16,324,NM
39,50,NA,10,10/8/16,10/16/16,889,NM
33,41,5,2,10/8/16,10/16/16,889,NM
36,44,NA,20,9/23/16,10/13/16,263,NM
43,51,6,NA,10/2/16,10/9/16,330,NM
36,49,NA,15,9/16/16,10/6/16,263,NM
33,46,4,3,9/28/16,10/2/16,594,NM
45,50,5,NA,9/19/16,10/2/16,507,NM
34,44,14,8,9/27/16,9/29/16,501,NM
31,35,3,6,9/27/16,9/29/16,501,NM
45,50,6,NA,9/12/16,9/25/16,488,NM
37,51,NA,13,8/9/16,9/1/16,1788,NM
29,37,5,4,8/9/16,9/1/16,1788,NM
31,40,4,9,8/19/16,8/21/16,1103,NM
33,41,NA,12,5/13/16,5/15/16,802,NM
43,45,NA,3,11/1/16,11/7/16,1207,NV
42,42,3,9,11/4/16,11/6/16,387,NV
46,49,5,NA,10/30/16,11/6/16,323,NV
43,44,NA,3,10/30/16,11/6/16,1124,NV
42,45,NA,13,10/17/16,11/6/16,571,NV
43,42,NA,4,10/29/16,11/4/16,1092,NV
44,43,NA,4,10/28/16,11/3/16,1016,NV
42,47,NA,11,10/14/16,11/3/16,551,NV
46,45,2,4,11/1/16,11/2/16,1793,NV
44,43,NA,4,10/27/16,11/2/16,937,NV
45,48,NA,7,10/31/16,11/1/16,688,NV
38,45,2,7,10/28/16,11/1/16,892,NV
45,45,3,4,10/28/16,11/1/16,600,NV
49,43,2,1,10/27/16,11/1/16,790,NV
51,45,4,0,10/27/16,11/1/16,790,NV
43,42,NA,4,10/26/16,11/1/16,994,NV
42,43,NA,3,10/25/16,10/31/16,1010,NV
48,44,1,3,10/30/16,10/30/16,787,NV
43,43,NA,3,10/24/16,10/30/16,887,NV
46,48,6,NA,10/23/16,10/29/16,314,NV
44,43,NA,2,10/20/16,10/28/16,1104,NV
40,40,NA,20,10/7/16,10/27/16,391,NV
44,44,NA,2,10/18/16,10/26/16,1041,NV
45,45,9,1,10/20/16,10/24/16,707,NV
43,43,3,2,10/20/16,10/24/16,707,NV
44,44,NA,2,10/18/16,10/24/16,967,NV
41,48,1,4,10/20/16,10/23/16,800,NV
45,44,NA,2,10/17/16,10/23/16,816,NV
45,48,6,NA,10/16/16,10/23/16,319,NV
47,44,2,3,10/20/16,10/22/16,1332,NV
42,46,2,4,10/20/16,10/22/16,826,NV
43,48,NA,9,9/30/16,10/20/16,562,NV
40,47,3,3,10/14/16,10/17/16,413,NV
45,49,6,NA,10/9/16,10/16/16,319,NV
46,47,NA,7,10/8/16,10/16/16,884,NV
44,40,5,2,10/8/16,10/16/16,884,NV
44,46,2,0,10/10/16,10/15/16,698,NV
46,50,3,0,10/10/16,10/15/16,698,NV
40,46,5,4,10/12/16,10/14/16,996,NV
41,43,3,9,10/10/16,10/13/16,600,NV
39,41,NA,20,9/23/16,10/13/16,641,NV
43,43,6,8,10/10/16,10/11/16,1010,NV
43,47,NA,10,10/10/16,10/11/16,986,NV
45,48,7,NA,10/2/16,10/9/16,320,NV
42,46,NA,12,9/16/16,10/6/16,620,NV
41,44,NA,7,9/27/16,10/2/16,700,NV
44,47,4,6,9/27/16,10/2/16,700,NV
47,47,6,NA,9/19/16,10/2/16,536,NV
38,44,5,6,9/27/16,9/29/16,500,NV
44,42,NA,14,9/9/16,9/29/16,580,NV
46,47,7,NA,9/12/16,9/25/16,540,NV
45,45,NA,10,9/2/16,9/22/16,542,NV
43,40,4,3,9/18/16,9/20/16,704,NV
46,42,7,4,9/18/16,9/20/16,704,NV
42,42,3,4,9/10/16,9/19/16,400,NV
42,39,3,4,9/16/16,9/18/16,800,NV
41,38,NA,21,8/26/16,9/15/16,549,NV
42,40,3,10,9/12/16,9/14/16,398,NV
44,42,1,6,9/11/16,9/13/16,406,NV
44,45,7,3,9/6/16,9/8/16,627,NV
42,41,4,4,9/6/16,9/8/16,627,NV
42,45,NA,13,9/6/16,9/7/16,815,NV
43,48,NA,10,8/9/16,9/1/16,2776,NV
37,40,6,6,8/9/16,9/1/16,2776,NV
42,44,5,5,8/15/16,8/17/16,500,NV
41,43,5,6,8/2/16,8/5/16,993,NV
40,41,4,5,7/29/16,7/31/16,750,NV
43,38,4,7,7/22/16,7/24/16,750,NV
41,45,NA,8,7/7/16,7/10/16,408,NV
47,45,4,4,6/11/16,6/20/16,300,NV
44,44,1,3,6/11/16,6/20/16,300,NV
47,42,11,NA,5/24/16,5/25/16,1637,NV
44,41,8,NA,5/24/16,5/25/16,1637,NV
44,41,NA,14,11/10/15,11/16/15,628,NV
32,57,9,2,11/1/16,11/7/16,2208,NY
38,59,4,NA,10/30/16,11/6/16,458,NY
31,58,9,2,10/30/16,11/6/16,2132,NY
33,51,NA,16,10/17/16,11/6/16,1383,NY
34,51,8,7,11/3/16,11/4/16,617,NY
32,58,9,2,10/29/16,11/4/16,2131,NY
32,57,9,2,10/28/16,11/3/16,1949,NY
34,56,NA,10,10/14/16,11/3/16,1443,NY
32,58,9,2,10/27/16,11/2/16,1755,NY
33,57,9,2,10/26/16,11/1/16,1645,NY
33,56,10,1,10/25/16,10/31/16,1734,NY
33,57,9,2,10/24/16,10/30/16,1561,NY
38,58,4,NA,10/23/16,10/29/16,403,NY
32,57,8,2,10/20/16,10/28/16,1630,NY
30,52,NA,18,10/7/16,10/27/16,989,NY
32,57,9,2,10/18/16,10/26/16,1480,NY
31,58,9,2,10/18/16,10/24/16,1169,NY
30,58,9,2,10/17/16,10/23/16,882,NY
38,59,4,NA,10/16/16,10/23/16,424,NY
30,54,NA,16,9/30/16,10/20/16,886,NY
30,54,10,6,10/13/16,10/17/16,611,NY
38,59,4,NA,10/9/16,10/16/16,404,NY
27,53,NA,20,9/23/16,10/13/16,986,NY
38,58,4,NA,10/2/16,10/9/16,418,NY
31,55,NA,14,9/16/16,10/6/16,1437,NY
40,57,4,NA,9/19/16,10/2/16,701,NY
29,49,NA,22,9/9/16,9/29/16,1259,NY
39,57,4,NA,9/12/16,9/25/16,724,NY
33,57,8,2,9/21/16,9/23/16,676,NY
31,52,14,3,9/21/16,9/23/16,676,NY
34,53,NA,13,9/2/16,9/22/16,1113,NY
30,51,12,7,9/11/16,9/15/16,600,NY
30,53,NA,17,8/26/16,9/15/16,1089,NY
35,57,NA,9,8/9/16,9/1/16,1405,NY
31,51,13,5,8/9/16,9/1/16,1405,NY
27,57,3,13,8/7/16,8/10/16,717,NY
25,50,16,9,8/7/16,8/10/16,717,NY
36,53,10,NA,8/4/16,8/8/16,1717,NY
34,48,18,NA,8/4/16,8/8/16,1717,NY
35,47,3,14,7/13/16,7/17/16,1104,NY
33,45,11,12,7/13/16,7/17/16,1104,NY
31,54,NA,16,6/22/16,6/28/16,803,NY
31,52,NA,17,5/22/16,5/26/16,825,NY
30,56,NA,15,4/24/16,4/27/16,802,NY
36,55,NA,9,4/15/16,4/17/16,1047,NY
35,55,NA,10,4/7/16,4/10/16,1403,NY
32,61,NA,7,4/6/16,4/10/16,1987,NY
35,51,NA,14,4/5/16,4/10/16,1306,NY
36,54,NA,10,4/6/16,4/7/16,864,NY
37,53,2,8,4/4/16,4/7/16,1403,NY
33,53,2,11,3/22/16,3/29/16,1667,NY
36,55,NA,10,3/14/16,3/16/16,768,NY
34,57,NA,10,2/28/16,3/3/16,800,NY
32,57,NA,11,1/31/16,2/3/16,930,NY
45,42,3,3,11/1/16,11/7/16,2860,OH
48,47,5,NA,10/30/16,11/6/16,345,OH
45,42,2,3,10/30/16,11/6/16,2530,OH
46,47,NA,7,10/17/16,11/6/16,775,OH
47,48,2,NA,10/27/16,11/5/16,1151,OH
46,45,4,2,11/2/16,11/4/16,1189,OH
46,42,2,2,10/29/16,11/4/16,2393,OH
43,40,7,2,10/31/16,11/3/16,1194,OH
46,41,2,2,10/28/16,11/3/16,2004,OH
45,47,NA,8,10/14/16,11/3/16,787,OH
45,44,3,3,11/1/16,11/2/16,2557,OH
46,41,2,3,10/27/16,11/2/16,1728,OH
46,41,3,5,10/27/16,11/1/16,589,OH
47,44,2,7,10/27/16,11/1/16,589,OH
45,42,2,2,10/26/16,11/1/16,1586,OH
45,40,2,4,10/25/16,10/31/16,1823,OH
48,43,1,5,10/30/16,10/30/16,1187,OH
44,41,3,4,10/24/16,10/30/16,1585,OH
47,50,3,NA,10/23/16,10/29/16,339,OH
45,40,3,4,10/20/16,10/28/16,1980,OH
45,45,NA,10,10/7/16,10/27/16,649,OH
45,40,2,4,10/18/16,10/26/16,2173,OH
45,40,3,4,10/18/16,10/24/16,1951,OH
46,40,2,3,10/17/16,10/23/16,1627,OH
47,50,4,NA,10/16/16,10/23/16,349,OH
46,42,2,6,10/20/16,10/22/16,1971,OH
43,43,NA,14,9/30/16,10/20/16,2687,OH
45,45,2,6,10/17/16,10/19/16,500,OH
45,45,2,2,10/10/16,10/16/16,624,OH
48,47,1,4,10/10/16,10/16/16,624,OH
46,50,4,NA,10/9/16,10/16/16,344,OH
48,46,NA,6,10/8/16,10/16/16,1307,OH
44,41,4,2,10/8/16,10/16/16,1307,OH
48,44,3,0,10/10/16,10/15/16,774,OH
50,47,4,0,10/10/16,10/15/16,774,OH
43,42,NA,15,9/23/16,10/13/16,2192,OH
45,45,8,3,10/10/16,10/12/16,724,OH
42,41,5,3,10/10/16,10/12/16,724,OH
41,44,8,7,10/6/16,10/12/16,1200,OH
39,43,4,6,10/6/16,10/12/16,1200,OH
38,48,NA,14,10/9/16,10/11/16,1152,OH
34,43,3,10,10/9/16,10/11/16,1152,OH
39,44,2,9,10/7/16,10/10/16,1304,OH
46,50,4,NA,10/2/16,10/9/16,341,OH
42,46,4,3,10/5/16,10/7/16,997,OH
43,44,2,6,10/5/16,10/6/16,782,OH
47,48,NA,4,10/5/16,10/6/16,782,OH
40,43,3,5,10/3/16,10/6/16,812,OH
43,46,NA,11,10/3/16,10/6/16,812,OH
43,46,NA,11,9/16/16,10/6/16,822,OH
42,44,2,6,10/1/16,10/4/16,405,OH
42,44,1,6,9/27/16,10/2/16,800,OH
44,46,5,5,9/27/16,10/2/16,800,OH
47,42,1,4,9/27/16,10/2/16,497,OH
49,46,1,4,9/27/16,10/2/16,497,OH
49,48,4,NA,9/19/16,10/2/16,548,OH
43,44,NA,13,9/9/16,9/29/16,769,OH
49,48,4,NA,9/12/16,9/25/16,554,OH
37,40,4,2,9/15/16,9/22/16,652,OH
40,43,NA,16,9/15/16,9/22/16,652,OH
43,46,NA,11,9/2/16,9/22/16,550,OH
42,37,4,11,9/18/16,9/20/16,737,OH
45,40,1,13,9/18/16,9/20/16,737,OH
41,39,4,4,9/10/16,9/19/16,400,OH
44,47,NA,9,8/26/16,9/15/16,625,OH
42,39,2,13,9/12/16,9/14/16,500,OH
48,43,6,3,9/9/16,9/12/16,802,OH
44,39,3,5,9/9/16,9/12/16,802,OH
46,41,4,1,9/7/16,9/12/16,769,OH
50,46,3,0,9/7/16,9/12/16,769,OH
39,46,4,4,9/7/16,9/9/16,994,OH
46,45,3,6,8/29/16,9/7/16,775,OH
41,37,4,5,8/29/16,9/7/16,775,OH
46,43,NA,11,8/9/16,9/1/16,2543,OH
40,37,4,7,8/9/16,9/1/16,2543,OH
42,46,NA,12,8/26/16,8/27/16,1134,OH
39,43,0,8,8/18/16,8/21/16,402,OH
40,46,4,4,8/17/16,8/19/16,997,OH
38,43,10,9,8/3/16,8/7/16,889,OH
35,39,5,9,8/3/16,8/7/16,889,OH
45,49,2,4,7/30/16,8/7/16,812,OH
42,44,4,3,7/30/16,8/7/16,812,OH
42,39,2,10,7/22/16,7/24/16,1334,OH
45,45,NA,10,7/22/16,7/24/16,1334,OH
44,44,NA,12,7/18/16,7/20/16,500,OH
39,43,1,13,7/18/16,7/20/16,500,OH
40,44,11,5,7/13/16,7/15/16,1104,OH
41,41,4,14,6/30/16,7/11/16,955,OH
37,36,7,13,6/30/16,7/11/16,955,OH
39,39,11,10,7/5/16,7/10/16,848,OH
35,38,6,12,7/5/16,7/10/16,848,OH
47,46,7,NA,6/27/16,6/28/16,1270,OH
38,41,9,11,6/22/16,6/28/16,599,OH
40,44,NA,16,6/22/16,6/23/16,708,OH
48,47,3,2,6/11/16,6/20/16,300,OH
41,41,1,4,6/11/16,6/20/16,300,OH
40,40,6,14,6/8/16,6/19/16,971,OH
36,38,5,13,6/8/16,6/19/16,971,OH
39,45,NA,16,5/18/16,5/22/16,679,OH
33,38,9,20,5/18/16,5/22/16,679,OH
39,44,NA,17,5/16/16,5/19/16,992,OH
43,39,3,14,4/27/16,5/8/16,1042,OH
42,45,NA,14,4/26/16,4/27/16,799,OH
42,48,NA,10,3/4/16,3/10/16,2052,OH
40,45,NA,15,3/4/16,3/6/16,1248,OH
43,50,6,0,3/2/16,3/6/16,884,OH
44,42,2,12,2/16/16,2/20/16,1539,OH
39,37,20,4,2/11/16,2/20/16,825,OH
42,43,3,12,9/25/15,10/5/15,1180,OH
38,43,4,16,8/7/15,8/18/15,1096,OH
57,32,10,2,11/1/16,11/7/16,1271,OK
63,34,4,NA,10/30/16,11/6/16,323,OK
56,32,10,2,10/30/16,11/6/16,1116,OK
61,30,NA,9,10/17/16,11/6/16,664,OK
57,31,10,2,10/29/16,11/4/16,1050,OK
56,32,10,2,10/28/16,11/3/16,905,OK
60,30,NA,10,10/14/16,11/3/16,652,OK
56,32,10,2,10/27/16,11/2/16,737,OK
55,32,11,2,10/26/16,11/1/16,519,OK
54,31,12,2,10/25/16,10/31/16,472,OK
57,30,11,2,10/24/16,10/30/16,430,OK
63,33,4,NA,10/23/16,10/29/16,321,OK
57,30,10,3,10/20/16,10/28/16,528,OK
52,36,NA,12,10/7/16,10/27/16,842,OK
55,31,11,3,10/18/16,10/26/16,573,OK
56,32,10,2,10/18/16,10/24/16,493,OK
57,32,8,2,10/17/16,10/23/16,423,OK
63,34,4,NA,10/16/16,10/23/16,318,OK
60,30,5,6,10/18/16,10/20/16,530,OK
51,36,NA,13,9/30/16,10/20/16,589,OK
63,34,4,NA,10/9/16,10/16/16,317,OK
51,36,NA,13,9/23/16,10/13/16,647,OK
62,34,5,NA,10/2/16,10/9/16,319,OK
53,33,NA,14,9/16/16,10/6/16,638,OK
65,32,4,NA,9/19/16,10/2/16,508,OK
54,31,NA,15,9/9/16,9/29/16,590,OK
64,32,4,NA,9/12/16,9/25/16,506,OK
55,30,NA,15,9/2/16,9/22/16,547,OK
51,36,6,8,9/13/16,9/15/16,515,OK
53,32,NA,15,8/26/16,9/15/16,498,OK
57,33,NA,10,8/9/16,9/1/16,1041,OK
49,26,20,4,8/9/16,9/1/16,1041,OK
53,29,7,11,7/20/16,7/25/16,398,OK
35,50,5,2,11/1/16,11/7/16,1595,OR
43,51,6,NA,10/30/16,11/6/16,319,OR
35,51,5,3,10/30/16,11/6/16,1483,OR
37,47,NA,16,10/17/16,11/6/16,636,OR
35,51,4,3,10/29/16,11/4/16,1415,OR
36,51,4,3,10/28/16,11/3/16,1150,OR
38,47,NA,15,10/14/16,11/3/16,626,OR
36,51,3,3,10/27/16,11/2/16,934,OR
36,51,3,3,10/26/16,11/1/16,809,OR
36,51,4,2,10/25/16,10/31/16,743,OR
36,51,4,2,10/24/16,10/30/16,614,OR
34,41,10,11,10/25/16,10/29/16,504,OR
43,50,6,NA,10/23/16,10/29/16,313,OR
35,50,4,3,10/20/16,10/28/16,658,OR
38,46,NA,16,10/7/16,10/27/16,621,OR
33,52,4,3,10/18/16,10/26/16,660,OR
32,51,5,3,10/18/16,10/24/16,576,OR
32,50,5,3,10/17/16,10/23/16,470,OR
43,51,6,NA,10/16/16,10/23/16,314,OR
37,46,NA,17,9/30/16,10/20/16,824,OR
43,51,7,NA,10/9/16,10/16/16,324,OR
36,46,9,4,10/4/16,10/14/16,608,OR
36,43,8,7,10/6/16,10/13/16,600,OR
37,47,NA,16,9/23/16,10/13/16,616,OR
38,48,4,5,10/10/16,10/12/16,654,OR
43,51,7,NA,10/2/16,10/9/16,320,OR
36,51,NA,13,9/16/16,10/6/16,626,OR
39,47,2,8,10/4/16,10/4/16,1248,OR
45,50,5,NA,9/19/16,10/2/16,502,OR
33,45,3,11,9/29/16,10/1/16,605,OR
38,48,NA,14,9/9/16,9/29/16,583,OR
44,51,6,NA,9/12/16,9/25/16,508,OR
41,44,NA,15,9/2/16,9/22/16,505,OR
41,44,NA,15,8/26/16,9/15/16,687,OR
28,43,10,8,9/2/16,9/7/16,610,OR
25,38,11,17,9/1/16,9/6/16,517,OR
36,55,NA,9,8/9/16,9/1/16,877,OR
32,47,7,3,8/9/16,9/1/16,877,OR
40,43,3,8,7/9/16,7/13/16,701,OR
32,46,NA,22,6/23/16,6/27/16,555,OR
44,42,NA,13,5/10/16,5/13/16,657,OR
32,43,11,15,5/6/16,5/9/16,901,OR
43,46,3,3,11/1/16,11/7/16,2845,PA
47,48,5,NA,10/30/16,11/6/16,390,PA
42,47,3,2,10/30/16,11/6/16,2685,PA
45,48,NA,7,10/17/16,11/6/16,955,PA
43,45,4,4,11/3/16,11/5/16,931,PA
42,48,7,3,10/30/16,11/4/16,405,PA
40,44,5,5,10/30/16,11/4/16,405,PA
43,46,3,2,10/29/16,11/4/16,2691,PA
43,46,2,2,10/28/16,11/3/16,2454,PA
44,48,NA,8,10/14/16,11/3/16,984,PA
45,46,2,3,11/1/16,11/2/16,2683,PA
45,47,4,3,11/1/16,11/2/16,1016,PA
42,47,2,3,10/27/16,11/2/16,2177,PA
44,48,NA,8,10/31/16,11/1/16,1050,PA
43,45,3,6,10/31/16,11/1/16,681,PA
44,48,2,3,10/29/16,11/1/16,403,PA
43,48,3,2,10/27/16,11/1/16,612,PA
44,50,1,4,10/27/16,11/1/16,612,PA
44,48,2,1,10/27/16,11/1/16,799,PA
46,51,3,0,10/27/16,11/1/16,799,PA
42,48,2,2,10/26/16,11/1/16,2078,PA
41,49,2,2,10/25/16,10/31/16,2255,PA
43,45,1,6,10/30/16,10/30/16,1249,PA
38,49,2,7,10/26/16,10/30/16,652,PA
41,49,2,3,10/24/16,10/30/16,2108,PA
46,50,4,NA,10/23/16,10/29/16,366,PA
40,48,5,2,10/26/16,10/28/16,1091,PA
42,47,3,2,10/20/16,10/28/16,2512,PA
46,48,NA,6,10/7/16,10/27/16,705,PA
41,46,9,3,10/20/16,10/26/16,420,PA
39,45,6,3,10/20/16,10/26/16,420,PA
42,48,2,2,10/18/16,10/26/16,2506,PA
39,46,4,6,10/23/16,10/25/16,824,PA
42,49,1,9,10/23/16,10/25/16,824,PA
42,48,3,2,10/18/16,10/24/16,2131,PA
43,46,3,2,10/17/16,10/23/16,1709,PA
46,50,4,NA,10/16/16,10/23/16,371,PA
42,45,1,7,10/20/16,10/22/16,1997,PA
39,49,NA,12,9/30/16,10/20/16,1022,PA
39,45,7,9,10/6/16,10/17/16,1467,PA
38,45,3,8,10/6/16,10/17/16,1467,PA
41,47,2,4,10/10/16,10/16/16,660,PA
45,51,1,4,10/10/16,10/16/16,660,PA
46,50,4,NA,10/9/16,10/16/16,380,PA
42,51,NA,7,10/8/16,10/16/16,1449,PA
40,46,3,3,10/8/16,10/16/16,1449,PA
42,46,NA,12,9/23/16,10/13/16,2271,PA
42,51,3,4,10/7/16,10/11/16,806,PA
39,48,4,3,10/7/16,10/11/16,806,PA
38,47,2,7,10/7/16,10/10/16,1457,PA
40,44,3,8,10/4/16,10/9/16,764,PA
47,49,5,NA,10/2/16,10/9/16,369,PA
40,48,3,4,10/5/16,10/7/16,997,PA
39,51,7,3,10/3/16,10/6/16,709,PA
37,49,5,3,10/3/16,10/6/16,709,PA
43,49,NA,8,9/16/16,10/6/16,890,PA
40,50,3,2,9/30/16,10/3/16,402,PA
36,48,9,7,9/28/16,10/2/16,813,PA
38,47,0,9,9/28/16,10/2/16,496,PA
41,45,3,6,9/27/16,10/2/16,535,PA
43,48,1,8,9/27/16,10/2/16,535,PA
50,46,4,NA,9/19/16,10/2/16,649,PA
42,45,NA,13,9/9/16,9/29/16,938,PA
39,45,2,8,9/27/16,9/28/16,886,PA
44,49,NA,6,9/27/16,9/28/16,886,PA
44,45,3,1,9/20/16,9/25/16,771,PA
47,50,3,0,9/20/16,9/25/16,771,PA
48,47,5,NA,9/12/16,9/25/16,605,PA
41,44,11,4,9/19/16,9/23/16,486,PA
38,40,7,6,9/19/16,9/23/16,486,PA
41,42,3,11,9/12/16,9/23/16,420,PA
46,46,NA,8,9/2/16,9/22/16,709,PA
38,46,3,4,9/10/16,9/19/16,400,PA
38,47,11,4,9/12/16,9/16/16,405,PA
32,40,8,7,9/12/16,9/16/16,405,PA
44,46,NA,10,8/26/16,9/15/16,776,PA
43,48,3,5,8/29/16,9/7/16,778,PA
39,44,4,4,8/29/16,9/7/16,778,PA
37,45,5,6,8/30/16,9/2/16,1091,PA
43,47,NA,10,8/9/16,9/1/16,2861,PA
38,41,4,5,8/9/16,9/1/16,2861,PA
42,47,NA,11,8/30/16,8/31/16,814,PA
40,48,2,4,8/26/16,8/29/16,402,PA
40,47,6,7,8/25/16,8/29/16,496,PA
38,41,2,13,8/25/16,8/29/16,736,PA
43,48,NA,9,8/26/16,8/27/16,1194,PA
37,48,9,6,8/3/16,8/7/16,834,PA
36,45,4,6,8/3/16,8/7/16,834,PA
42,52,1,5,7/30/16,8/7/16,815,PA
39,48,3,3,7/30/16,8/7/16,815,PA
37,47,8,8,7/31/16,8/4/16,772,PA
37,46,3,7,7/31/16,8/4/16,772,PA
38,49,6,8,7/29/16,8/1/16,389,PA
34,47,3,10,7/29/16,8/1/16,661,PA
42,45,2,8,7/29/16,7/31/16,1505,PA
45,49,NA,5,7/29/16,7/31/16,1505,PA
41,50,NA,9,7/25/16,7/27/16,500,PA
37,46,3,10,7/25/16,7/27/16,500,PA
43,41,4,13,6/30/16,7/11/16,982,PA
40,34,6,11,6/30/16,7/11/16,982,PA
36,45,13,6,7/5/16,7/10/16,829,PA
35,43,4,9,7/5/16,7/10/16,829,PA
47,48,5,NA,6/27/16,6/28/16,1958,PA
42,46,NA,11,6/22/16,6/23/16,980,PA
39,49,8,5,6/11/16,6/20/16,300,PA
32,45,3,5,6/11/16,6/20/16,300,PA
41,42,3,14,6/8/16,6/19/16,950,PA
36,39,5,11,6/8/16,6/19/16,950,PA
40,41,3,11,6/3/16,6/5/16,1106,PA
42,43,2,12,4/27/16,5/8/16,1077,PA
39,54,NA,7,4/18/16,4/20/16,2606,PA
44,44,2,9,4/4/16,4/7/16,1607,PA
42,45,3,10,3/30/16,4/4/16,1737,PA
33,46,11,10,3/14/16,3/20/16,828,PA
35,43,4,19,3/1/16,3/11/16,421,PA
40,45,NA,15,3/1/16,3/2/16,662,PA
45,43,NA,13,10/8/15,10/11/15,1012,PA
42,44,3,10,9/25/15,10/5/15,1049,PA
40,45,4,12,8/7/15,8/18/15,1085,PA
36,48,12,3,11/1/16,11/7/16,415,RI
37,59,5,NA,10/30/16,11/6/16,310,RI
36,49,12,3,10/30/16,11/6/16,396,RI
36,49,13,3,10/29/16,11/4/16,411,RI
38,49,10,3,10/28/16,11/3/16,392,RI
38,48,12,3,10/27/16,11/2/16,391,RI
36,49,14,2,10/26/16,11/1/16,408,RI
36,49,14,1,10/25/16,10/31/16,419,RI
36,49,14,1,10/24/16,10/30/16,412,RI
40,57,3,NA,10/23/16,10/29/16,308,RI
37,48,13,2,10/20/16,10/28/16,518,RI
37,49,11,2,10/18/16,10/26/16,540,RI
37,49,12,3,10/18/16,10/24/16,488,RI
37,48,12,3,10/17/16,10/23/16,422,RI
39,58,3,NA,10/16/16,10/23/16,305,RI
39,58,3,NA,10/9/16,10/16/16,NA,RI
39,58,4,NA,10/2/16,10/9/16,303,RI
40,57,3,NA,9/19/16,10/2/16,457,RI
40,56,4,NA,9/12/16,9/25/16,455,RI
40,50,NA,11,8/9/16,9/1/16,625,RI
33,41,22,4,8/9/16,9/1/16,625,RI
47,43,8,3,11/1/16,11/7/16,1698,SC
53,42,5,NA,10/30/16,11/6/16,338,SC
46,44,8,3,10/30/16,11/6/16,1642,SC
49,44,NA,7,10/17/16,11/6/16,617,SC
46,43,7,3,10/29/16,11/4/16,1683,SC
47,43,7,3,10/28/16,11/3/16,1583,SC
49,44,NA,7,10/14/16,11/3/16,613,SC
47,43,7,3,10/27/16,11/2/16,1501,SC
45,44,8,3,10/26/16,11/1/16,1588,SC
45,43,8,3,10/25/16,10/31/16,1762,SC
46,42,9,3,10/24/16,10/30/16,1764,SC
54,42,4,NA,10/23/16,10/29/16,325,SC
46,43,9,2,10/20/16,10/28/16,2115,SC
49,44,NA,7,10/7/16,10/27/16,604,SC
45,43,9,2,10/18/16,10/26/16,2223,SC
45,43,9,3,10/18/16,10/24/16,1900,SC
46,43,8,2,10/17/16,10/23/16,1582,SC
53,42,5,NA,10/16/16,10/23/16,326,SC
51,44,NA,5,9/30/16,10/20/16,671,SC
53,42,5,NA,10/9/16,10/16/16,323,SC
49,46,NA,5,9/23/16,10/13/16,751,SC
53,42,5,NA,10/2/16,10/9/16,333,SC
48,47,NA,5,9/16/16,10/6/16,528,SC
55,41,5,NA,9/19/16,10/2/16,574,SC
49,44,NA,7,9/9/16,9/29/16,519,SC
42,38,9,11,9/18/16,9/26/16,475,SC
54,41,5,NA,9/12/16,9/25/16,571,SC
50,43,NA,7,9/2/16,9/22/16,716,SC
51,43,NA,6,8/26/16,9/15/16,703,SC
48,35,7,11,9/7/16,9/9/16,600,SC
49,42,NA,8,8/9/16,9/1/16,894,SC
45,38,13,4,8/9/16,9/1/16,894,SC
39,39,6,16,8/18/16,8/21/16,600,SC
45,43,NA,12,8/18/16,8/21/16,600,SC
46,42,NA,12,8/15/16,8/17/16,768,SC
41,37,10,11,8/15/16,8/17/16,768,SC
41,39,7,13,8/9/16,8/10/16,1290,SC
44,41,NA,15,11/10/15,11/16/15,627,SC
47,42,NA,11,11/7/15,11/8/15,1290,SC
53,32,11,4,11/1/16,11/7/16,459,SD
55,40,5,NA,10/30/16,11/6/16,312,SD
53,31,12,4,10/30/16,11/6/16,435,SD
53,30,13,4,10/29/16,11/4/16,433,SD
52,31,15,3,10/28/16,11/3/16,393,SD
53,29,14,3,10/27/16,11/2/16,345,SD
52,27,18,3,10/26/16,11/1/16,281,SD
53,27,16,4,10/25/16,10/31/16,298,SD
55,29,12,5,10/24/16,10/30/16,266,SD
56,40,4,NA,10/23/16,10/29/16,311,SD
53,30,11,6,10/20/16,10/28/16,382,SD
53,32,11,5,10/18/16,10/26/16,418,SD
52,32,11,5,10/18/16,10/24/16,377,SD
52,30,13,5,10/17/16,10/23/16,331,SD
55,41,4,NA,10/16/16,10/23/16,312,SD
44,37,7,12,10/18/16,10/20/16,400,SD
54,42,4,NA,10/9/16,10/16/16,311,SD
54,42,5,NA,10/2/16,10/9/16,317,SD
56,40,4,NA,9/19/16,10/2/16,463,SD
55,41,5,NA,9/12/16,9/25/16,459,SD
51,37,NA,11,8/9/16,9/1/16,809,SD
43,29,22,5,8/9/16,9/1/16,809,SD
49,41,8,2,11/1/16,11/7/16,1433,TN
55,39,6,NA,10/30/16,11/6/16,339,TN
49,40,9,2,10/30/16,11/6/16,1281,TN
50,36,NA,14,10/17/16,11/6/16,823,TN
49,41,8,2,10/29/16,11/4/16,1223,TN
49,41,8,2,10/28/16,11/3/16,1063,TN
50,35,NA,15,10/14/16,11/3/16,803,TN
50,41,8,1,10/27/16,11/2/16,905,TN
51,40,7,1,10/26/16,11/1/16,702,TN
51,38,8,2,10/25/16,10/31/16,550,TN
51,39,7,2,10/24/16,10/30/16,455,TN
57,38,5,NA,10/23/16,10/29/16,339,TN
51,38,9,2,10/20/16,10/28/16,565,TN
43,35,NA,22,10/7/16,10/27/16,596,TN
50,38,8,4,10/18/16,10/26/16,644,TN
49,38,9,4,10/18/16,10/24/16,572,TN
48,38,10,4,10/17/16,10/23/16,477,TN
56,39,5,NA,10/16/16,10/23/16,312,TN
44,35,NA,21,9/30/16,10/20/16,636,TN
44,34,14,8,10/14/16,10/17/16,508,TN
56,39,5,NA,10/9/16,10/16/16,328,TN
47,35,NA,18,9/23/16,10/13/16,799,TN
55,39,6,NA,10/2/16,10/9/16,331,TN
49,34,NA,17,9/16/16,10/6/16,800,TN
48,36,7,10,9/28/16,10/2/16,472,TN
50,40,3,7,9/28/16,10/2/16,472,TN
44,33,9,14,9/19/16,10/2/16,1000,TN
57,38,5,NA,9/19/16,10/2/16,555,TN
47,35,NA,18,9/9/16,9/29/16,712,TN
57,38,5,NA,9/12/16,9/25/16,567,TN
47,33,NA,20,9/2/16,9/22/16,651,TN
50,26,NA,24,8/26/16,9/15/16,578,TN
55,37,NA,8,8/9/16,9/1/16,1021,TN
51,31,13,5,8/9/16,9/1/16,1021,TN
49,33,NA,18,7/25/16,7/27/16,531,TN
46,29,10,16,7/25/16,7/27/16,531,TN
44,35,2,18,4/25/16,5/11/16,1001,TN
46,43,2,3,11/1/16,11/7/16,3009,TX
54,40,6,NA,10/30/16,11/6/16,472,TX
47,42,2,3,10/30/16,11/6/16,2695,TX
49,39,NA,12,10/17/16,11/6/16,1213,TX
47,42,5,NA,10/29/16,11/4/16,2645,TX
47,42,5,NA,10/28/16,11/3/16,2322,TX
49,40,NA,11,10/14/16,11/3/16,1297,TX
46,42,5,NA,10/27/16,11/2/16,2048,TX
49,41,8,2,10/30/16,11/1/16,679,TX
49,40,4,1,10/30/16,11/1/16,679,TX
47,41,4,NA,10/26/16,11/1/16,1969,TX
47,41,5,NA,10/25/16,10/31/16,2051,TX
46,42,5,NA,10/24/16,10/30/16,1940,TX
52,39,2,4,10/27/16,10/29/16,980,TX
55,41,5,NA,10/23/16,10/29/16,429,TX
47,40,6,NA,10/20/16,10/28/16,2377,TX
48,34,NA,18,10/7/16,10/27/16,1251,TX
47,40,6,NA,10/18/16,10/26/16,2441,TX
45,38,NA,10,10/22/16,10/24/16,800,TX
47,40,6,NA,10/18/16,10/24/16,2148,TX
47,39,6,NA,10/17/16,10/23/16,1764,TX
54,41,5,NA,10/16/16,10/23/16,445,TX
45,42,7,NA,10/14/16,10/23/16,959,TX
46,43,3,3,10/20/16,10/21/16,1031,TX
52,39,NA,9,9/30/16,10/20/16,758,TX
53,41,5,NA,10/9/16,10/16/16,460,TX
48,46,NA,5,10/8/16,10/16/16,1332,TX
44,42,2,3,10/8/16,10/16/16,1332,TX
41,38,4,13,10/7/16,10/15/16,1000,TX
57,32,NA,11,9/23/16,10/13/16,831,TX
47,43,1,5,10/10/16,10/12/16,638,TX
53,41,6,NA,10/2/16,10/9/16,425,TX
50,34,NA,16,9/16/16,10/6/16,1111,TX
56,39,5,NA,9/19/16,10/2/16,817,TX
45,38,3,10,9/29/16,10/1/16,780,TX
48,33,NA,19,9/9/16,9/29/16,916,TX
56,39,5,NA,9/12/16,9/25/16,798,TX
48,33,NA,19,9/2/16,9/22/16,875,TX
51,29,NA,20,8/26/16,9/15/16,869,TX
42,36,NA,21,9/1/16,9/11/16,502,TX
39,32,3,17,9/1/16,9/11/16,502,TX
45,46,NA,9,8/9/16,9/1/16,5147,TX
40,40,3,6,8/9/16,9/1/16,5147,TX
44,38,2,10,8/12/16,8/14/16,944,TX
50,44,NA,6,8/12/16,8/14/16,944,TX
46,36,9,9,8/8/16,8/9/16,1018,TX
41,33,19,8,6/10/16,6/19/16,1200,TX
39,37,NA,25,9/8/15,9/21/15,633,TX
34,31,2,2,11/1/16,11/7/16,1479,UT
43,28,29,NA,10/30/16,11/6/16,320,UT
34,31,3,1,10/30/16,11/6/16,1428,UT
40,33,NA,27,10/17/16,11/6/16,532,UT
40,23,3,4,11/3/16,11/5/16,762,UT
34,30,3,2,10/29/16,11/4/16,1406,UT
33,24,4,7,11/1/16,11/3/16,500,UT
33,30,2,2,10/28/16,11/3/16,1327,UT
40,33,NA,27,10/14/16,11/3/16,500,UT
37,31,2,2,10/30/16,11/2/16,402,UT
33,30,2,1,10/27/16,11/2/16,1247,UT
34,30,2,2,10/26/16,11/1/16,1057,UT
42,31,2,2,10/29/16,10/31/16,750,UT
33,30,2,2,10/25/16,10/31/16,1078,UT
33,30,2,2,10/24/16,10/30/16,988,UT
66,29,6,NA,10/23/16,10/29/16,315,UT
33,30,1,1,10/20/16,10/28/16,1080,UT
32,24,1,8,10/20/16,10/27/16,823,UT
44,31,NA,25,10/7/16,10/27/16,297,UT
32,29,1,2,10/18/16,10/26/16,1069,UT
32,28,2,4,10/23/16,10/24/16,750,UT
33,28,1,1,10/18/16,10/24/16,969,UT
33,29,1,1,10/17/16,10/23/16,787,UT
65,29,6,NA,10/16/16,10/23/16,308,UT
41,29,NA,30,9/30/16,10/20/16,508,UT
30,28,3,4,10/14/16,10/16/16,750,UT
65,29,5,NA,10/9/16,10/16/16,318,UT
37,20,5,11,10/12/16,10/14/16,951,UT
41,35,NA,24,9/23/16,10/13/16,543,UT
34,28,2,6,10/10/16,10/12/16,403,UT
26,26,4,7,10/10/16,10/11/16,500,UT
64,30,6,NA,10/2/16,10/9/16,316,UT
48,33,NA,19,9/16/16,10/6/16,515,UT
67,28,5,NA,9/19/16,10/2/16,495,UT
50,34,NA,16,9/9/16,9/29/16,463,UT
66,28,6,NA,9/12/16,9/25/16,490,UT
48,31,NA,21,9/2/16,9/22/16,425,UT
48,29,NA,23,8/26/16,9/15/16,408,UT
46,35,NA,19,8/9/16,9/1/16,722,UT
34,27,5,11,8/9/16,9/1/16,722,UT
39,24,3,14,8/19/16,8/21/16,1018,UT
53,33,NA,14,8/19/16,8/21/16,1018,UT
37,25,15,7,7/18/16,8/4/16,858,UT
36,27,20,8,6/8/16,6/17/16,614,UT
35,35,NA,17,6/2/16,6/8/16,1238,UT
36,29,35,NA,5/31/16,6/1/16,1519,UT
29,26,29,NA,5/31/16,6/1/16,1519,UT
43,30,NA,26,5/2/16,5/10/16,588,UT
38,38,NA,25,3/23/16,4/5/16,600,UT
36,38,NA,24,3/8/16,3/15/16,500,UT
33,28,33,6,12/8/15,12/14/15,622,UT
38,29,29,3,8/7/15,8/14/15,500,UT
41,49,2,2,11/1/16,11/7/16,2183,VA
42,48,3,5,11/1/16,11/6/16,1193,VA
44,50,7,NA,10/30/16,11/6/16,344,VA
39,49,2,2,10/30/16,11/6/16,2109,VA
41,46,NA,13,10/17/16,11/6/16,636,VA
43,48,2,4,11/3/16,11/4/16,1238,VA
45,51,NA,4,11/3/16,11/4/16,1238,VA
39,49,2,2,10/29/16,11/4/16,2183,VA
40,48,2,2,10/28/16,11/3/16,2073,VA
42,49,NA,9,10/14/16,11/3/16,664,VA
44,46,2,3,11/1/16,11/2/16,3076,VA
40,48,3,2,10/27/16,11/2/16,1942,VA
38,45,3,9,10/29/16,11/1/16,654,VA
40,49,NA,11,10/29/16,11/1/16,654,VA
39,49,3,2,10/26/16,11/1/16,1929,VA
38,48,3,2,10/25/16,10/31/16,2089,VA
43,48,1,5,10/30/16,10/30/16,1106,VA
42,48,4,1,10/27/16,10/30/16,1024,VA
45,51,2,3,10/27/16,10/30/16,1024,VA
44,41,NA,15,10/26/16,10/30/16,802,VA
39,48,2,2,10/24/16,10/30/16,2005,VA
39,44,4,7,10/23/16,10/30/16,712,VA
43,49,NA,9,10/23/16,10/30/16,712,VA
46,50,4,NA,10/23/16,10/29/16,337,VA
39,49,2,2,10/20/16,10/28/16,2518,VA
39,48,NA,13,10/7/16,10/27/16,716,VA
39,46,3,8,10/23/16,10/26/16,814,VA
38,50,3,5,10/20/16,10/26/16,749,VA
40,53,2,5,10/20/16,10/26/16,749,VA
39,48,2,2,10/18/16,10/26/16,2739,VA
39,48,2,2,10/18/16,10/24/16,2459,VA
39,48,2,2,10/17/16,10/23/16,2063,VA
46,49,4,NA,10/16/16,10/23/16,335,VA
43,48,1,5,10/20/16,10/22/16,1787,VA
37,49,NA,14,9/30/16,10/20/16,821,VA
33,45,9,5,10/16/16,10/19/16,834,VA
38,43,3,8,10/17/16,10/18/16,802,VA
46,50,4,NA,10/9/16,10/16/16,334,VA
41,54,NA,5,10/8/16,10/16/16,1644,VA
38,49,3,2,10/8/16,10/16/16,1644,VA
38,47,2,9,10/12/16,10/15/16,500,VA
29,44,11,5,10/11/16,10/14/16,809,VA
39,49,NA,12,9/23/16,10/13/16,1075,VA
47,48,5,NA,10/2/16,10/9/16,325,VA
36,45,2,10,10/2/16,10/6/16,814,VA
39,50,NA,11,9/16/16,10/6/16,594,VA
34,46,NA,20,9/28/16,10/2/16,800,VA
50,45,4,NA,9/19/16,10/2/16,510,VA
35,42,8,3,9/27/16,9/30/16,892,VA
40,48,NA,12,9/9/16,9/29/16,1005,VA
40,46,1,5,9/27/16,9/28/16,811,VA
43,49,NA,7,9/27/16,9/28/16,811,VA
50,46,5,NA,9/12/16,9/25/16,495,VA
37,45,10,8,9/21/16,9/23/16,1237,VA
38,48,6,9,9/15/16,9/23/16,1003,VA
33,39,11,2,9/15/16,9/23/16,1003,VA
40,47,NA,13,9/2/16,9/22/16,532,VA
39,45,1,6,9/13/16,9/21/16,659,VA
43,50,0,7,9/13/16,9/21/16,659,VA
37,44,1,9,9/11/16,9/20/16,841,VA
38,47,NA,15,8/26/16,9/15/16,510,VA
37,40,5,10,9/6/16,9/12/16,685,VA
39,45,3,8,9/9/16,9/11/16,878,VA
42,50,NA,8,9/9/16,9/11/16,878,VA
41,49,NA,9,8/9/16,9/1/16,2468,VA
36,43,3,5,8/9/16,9/1/16,2468,VA
41,43,NA,16,8/24/16,8/28/16,801,VA
32,48,3,9,8/7/16,8/17/16,803,VA
36,55,NA,9,8/7/16,8/17/16,803,VA
38,50,5,8,8/9/16,8/16/16,808,VA
34,45,6,5,8/9/16,8/16/16,808,VA
43,51,5,1,8/11/16,8/14/16,707,VA
39,46,4,2,8/11/16,8/14/16,707,VA
33,46,12,9,8/4/16,8/10/16,897,VA
31,43,6,9,8/4/16,8/10/16,897,VA
37,49,2,5,8/2/16,8/5/16,1181,VA
46,42,7,5,7/26/16,7/27/16,655,VA
37,44,6,13,7/9/16,7/12/16,601,VA
37,44,6,13,7/9/16,7/12/16,601,VA
34,39,6,12,7/9/16,7/12/16,601,VA
35,44,15,7,7/5/16,7/11/16,876,VA
34,41,4,10,7/5/16,7/11/16,876,VA
39,39,NA,22,7/6/16,7/10/16,805,VA
39,42,2,10,6/13/16,6/15/16,1032,VA
45,48,NA,7,6/13/16,6/15/16,1032,VA
41,45,14,NA,5/24/16,5/24/16,1728,VA
38,44,12,NA,5/24/16,5/24/16,1728,VA
38,38,11,13,5/9/16,5/17/16,610,VA
35,44,14,8,3/23/16,4/3/16,1102,VA
35,52,NA,13,1/18/16,1/26/16,524,VA
36,50,NA,14,11/9/15,11/13/15,555,VA
40,47,8,6,9/29/15,10/8/15,1067,VA
32,45,NA,23,8/10/15,8/20/15,608,VA
39,49,NA,12,7/13/15,7/15/15,1170,VA
25,61,12,2,11/1/16,11/7/16,454,VT
33,62,NA,5,10/30/16,11/6/16,305,VT
27,60,11,2,10/30/16,11/6/16,447,VT
25,59,14,2,10/29/16,11/4/16,470,VT
24,57,17,2,10/28/16,11/3/16,449,VT
24,55,17,4,10/27/16,11/2/16,424,VT
26,54,15,4,10/26/16,11/1/16,428,VT
25,53,18,4,10/25/16,10/31/16,436,VT
25,51,19,4,10/24/16,10/30/16,422,VT
34,63,NA,4,10/23/16,10/29/16,304,VT
25,53,18,4,10/20/16,10/28/16,479,VT
24,53,18,4,10/18/16,10/26/16,502,VT
23,54,20,3,10/18/16,10/24/16,446,VT
24,53,20,3,10/17/16,10/23/16,382,VT
34,63,NA,4,10/16/16,10/23/16,305,VT
33,63,4,NA,10/9/16,10/16/16,304,VT
17,45,24,14,9/29/16,10/14/16,579,VT
33,62,5,NA,10/2/16,10/9/16,316,VT
35,61,4,NA,9/19/16,10/2/16,464,VT
36,60,4,NA,9/12/16,9/25/16,465,VT
28,56,NA,16,8/9/16,9/1/16,550,VT
24,45,21,9,8/9/16,9/1/16,550,VT
17,39,31,13,7/11/16,7/23/16,637,VT
33,51,13,3,11/1/16,11/7/16,1451,WA
36,51,6,7,11/4/16,11/6/16,402,WA
39,56,6,NA,10/30/16,11/6/16,328,WA
34,51,12,3,10/30/16,11/6/16,1292,WA
38,47,NA,15,10/17/16,11/6/16,863,WA
34,52,12,2,10/29/16,11/4/16,1205,WA
34,53,12,2,10/28/16,11/3/16,944,WA
39,46,NA,15,10/14/16,11/3/16,870,WA
38,50,9,4,10/31/16,11/2/16,681,WA
34,54,12,1,10/27/16,11/2/16,807,WA
34,54,10,2,10/26/16,11/1/16,698,WA
34,53,11,2,10/25/16,10/31/16,745,WA
34,53,12,2,10/24/16,10/30/16,699,WA
43,53,4,NA,10/23/16,10/29/16,327,WA
34,52,12,2,10/20/16,10/28/16,793,WA
37,47,NA,16,10/7/16,10/27/16,929,WA
34,51,12,2,10/18/16,10/26/16,782,WA
34,51,12,2,10/18/16,10/24/16,687,WA
34,50,14,2,10/17/16,10/23/16,546,WA
43,53,4,NA,10/16/16,10/23/16,332,WA
42,46,NA,12,9/30/16,10/20/16,724,WA
42,54,4,NA,10/9/16,10/16/16,320,WA
39,53,NA,22,10/6/16,10/13/16,750,WA
37,47,NA,16,9/23/16,10/13/16,905,WA
42,53,5,NA,10/2/16,10/9/16,326,WA
33,51,NA,16,9/16/16,10/6/16,504,WA
33,50,10,7,9/29/16,10/3/16,500,WA
31,47,17,6,9/29/16,10/3/16,500,WA
44,52,5,NA,9/19/16,10/2/16,496,WA
35,49,NA,16,9/9/16,9/29/16,788,WA
43,52,5,NA,9/12/16,9/25/16,488,WA
35,49,NA,16,9/2/16,9/22/16,705,WA
37,47,NA,16,8/26/16,9/15/16,733,WA
28,38,20,14,9/12/16,9/14/16,505,WA
37,53,NA,10,8/9/16,9/1/16,722,WA
31,41,23,5,8/9/16,9/1/16,722,WA
24,43,11,22,8/9/16,8/13/16,500,WA
37,49,NA,13,6/14/16,6/15/16,679,WA
42,44,4,3,11/1/16,11/7/16,2246,WI
43,51,6,NA,10/30/16,11/6/16,372,WI
43,44,4,3,10/30/16,11/6/16,1943,WI
40,46,NA,14,10/17/16,11/6/16,842,WI
43,44,3,3,10/29/16,11/4/16,1869,WI
43,45,3,3,10/28/16,11/3/16,1568,WI
40,47,NA,13,10/14/16,11/3/16,884,WI
41,49,3,4,11/1/16,11/2/16,2720,WI
42,44,3,3,10/27/16,11/2/16,1271,WI
38,44,2,9,10/31/16,11/1/16,500,WI
41,48,NA,10,10/31/16,11/1/16,891,WI
42,44,3,3,10/26/16,11/1/16,1103,WI
40,46,10,4,10/26/16,10/31/16,1255,WI
42,44,4,3,10/25/16,10/31/16,1195,WI
42,46,3,5,10/30/16,10/30/16,1772,WI
41,45,4,3,10/24/16,10/30/16,1059,WI
46,51,3,NA,10/23/16,10/29/16,365,WI
42,43,4,3,10/20/16,10/28/16,1338,WI
42,47,NA,11,10/7/16,10/27/16,563,WI
42,43,3,3,10/18/16,10/26/16,1524,WI
41,43,3,3,10/18/16,10/24/16,1351,WI
42,43,2,3,10/17/16,10/23/16,1140,WI
46,51,3,NA,10/16/16,10/23/16,364,WI
41,46,2,6,10/20/16,10/22/16,1795,WI
42,45,NA,13,9/30/16,10/20/16,646,WI
38,50,NA,12,10/18/16,10/19/16,804,WI
40,47,3,5,10/15/16,10/18/16,403,WI
39,47,6,7,10/13/16,10/16/16,664,WI
46,51,3,NA,10/9/16,10/16/16,361,WI
44,48,NA,8,10/8/16,10/16/16,1076,WI
38,43,4,3,10/8/16,10/16/16,1076,WI
37,42,NA,21,9/23/16,10/13/16,810,WI
42,46,8,4,10/6/16,10/9/16,878,WI
37,44,5,5,10/6/16,10/9/16,878,WI
46,51,4,NA,10/2/16,10/9/16,349,WI
39,43,3,11,10/5/16,10/7/16,993,WI
42,46,NA,12,9/16/16,10/6/16,866,WI
37,47,7,9,10/4/16,10/5/16,500,WI
35,43,2,12,10/4/16,10/5/16,500,WI
47,50,3,NA,9/19/16,10/2/16,575,WI
42,42,NA,16,9/9/16,9/29/16,751,WI
46,50,4,NA,9/12/16,9/25/16,553,WI
41,41,NA,18,9/2/16,9/22/16,685,WI
42,44,8,5,9/15/16,9/18/16,642,WI
38,41,4,6,9/15/16,9/18/16,642,WI
40,43,NA,17,8/26/16,9/15/16,695,WI
44,46,NA,11,8/9/16,9/1/16,2687,WI
37,39,4,7,8/9/16,9/1/16,2687,WI
38,43,4,8,8/27/16,8/30/16,404,WI
42,45,7,4,8/25/16,8/28/16,650,WI
38,41,7,5,8/25/16,8/28/16,650,WI
41,48,NA,12,8/26/16,8/27/16,1054,WI
37,52,7,3,8/4/16,8/7/16,683,WI
34,47,5,4,8/4/16,8/7/16,683,WI
41,45,9,6,7/7/16,7/10/16,665,WI
37,43,5,7,7/7/16,7/10/16,665,WI
36,41,11,12,6/21/16,6/24/16,993,WI
39,47,NA,14,6/22/16,6/23/16,843,WI
36,47,7,10,6/11/16,6/20/16,300,WI
32,44,3,5,6/11/16,6/20/16,300,WI
37,46,13,4,6/9/16,6/12/16,666,WI
31,43,NA,NA,5/10/16,5/12/16,600,WI
34,46,12,9,4/12/16,4/15/16,616,WI
37,47,NA,17,3/30/16,4/3/16,1198,WI
35,49,6,10,3/28/16,3/30/16,1602,WI
37,47,12,5,3/24/16,3/28/16,1405,WI
37,48,11,6,2/18/16,2/21/16,802,WI
38,47,9,6,1/21/16,1/24/16,806,WI
38,48,9,5,11/12/15,11/15/15,803,WI
39,50,NA,11,10/14/15,10/17/15,603,WI
36,50,9,4,9/24/15,9/28/15,803,WI
35,51,10,4,8/13/15,8/16/15,802,WI
56,29,10,5,11/1/16,11/7/16,472,WV
56,34,10,NA,10/30/16,11/6/16,309,WV
57,27,11,6,10/30/16,11/6/16,443,WV
58,34,NA,8,10/17/16,11/6/16,422,WV
57,27,10,5,10/29/16,11/4/16,433,WV
57,27,10,6,10/28/16,11/3/16,386,WV
58,35,NA,7,10/14/16,11/3/16,408,WV
59,27,8,5,10/27/16,11/2/16,330,WV
55,29,12,4,10/26/16,11/1/16,318,WV
58,27,12,3,10/25/16,10/31/16,321,WV
59,27,12,2,10/24/16,10/30/16,294,WV
59,36,5,NA,10/23/16,10/29/16,311,WV
61,28,10,1,10/20/16,10/28/16,375,WV
56,37,NA,7,10/7/16,10/27/16,294,WV
60,29,10,1,10/18/16,10/26/16,410,WV
61,29,9,1,10/18/16,10/24/16,379,WV
61,28,11,0,10/17/16,10/23/16,316,WV
59,36,5,NA,10/16/16,10/23/16,311,WV
56,39,NA,5,9/30/16,10/20/16,324,WV
58,36,6,NA,10/9/16,10/16/16,310,WV
54,41,NA,5,9/23/16,10/13/16,360,WV
58,37,6,NA,10/2/16,10/9/16,308,WV
55,36,NA,9,9/16/16,10/6/16,371,WV
61,34,5,NA,9/19/16,10/2/16,480,WV
53,33,NA,14,9/9/16,9/29/16,351,WV
59,35,6,NA,9/12/16,9/25/16,466,WV
52,35,NA,13,9/2/16,9/22/16,301,WV
60,28,NA,12,9/13/16,9/17/16,500,WV
49,39,NA,12,8/26/16,9/15/16,295,WV
57,33,NA,10,8/9/16,9/1/16,698,WV
52,27,16,5,8/9/16,9/1/16,698,WV
49,31,14,6,8/9/16,8/28/16,435,WV
57,30,NA,13,4/29/16,5/1/16,1201,WV
53,30,NA,17,8/24/15,8/25/15,406,WV
67,28,NA,5,10/30/16,11/6/16,320,WY
62,22,12,4,10/25/16,10/31/16,251,WY
62,23,10,5,10/24/16,10/30/16,251,WY
65,30,NA,5,10/23/16,10/29/16,311,WY
60,24,12,4,10/20/16,10/28/16,375,WY
59,25,12,4,10/18/16,10/26/16,388,WY
59,25,11,5,10/18/16,10/24/16,361,WY
57,25,13,5,10/17/16,10/23/16,311,WY
65,30,NA,5,10/16/16,10/23/16,309,WY
64,30,6,NA,10/9/16,10/16/16,311,WY
63,30,6,NA,10/2/16,10/9/16,309,WY
65,29,5,NA,9/19/16,10/2/16,462,WY
65,29,6,NA,9/12/16,9/25/16,461,WY
54,19,12,15,9/6/16,9/11/16,402,WY
65,27,NA,8,8/9/16,9/1/16,727,WY
57,21,18,4,8/9/16,9/1/16,727,WY